#
# There is insufficient memory for the Java Runtime Environment to continue.
# Native memory allocation (mmap) failed to map 4587520 bytes. Error detail: G1 virtual space
# Possible reasons:
#   The system is out of physical RAM or swap space
#   This process is running with CompressedOops enabled, and the Java Heap may be blocking the growth of the native heap
# Possible solutions:
#   Reduce memory load on the system
#   Increase physical memory or swap space
#   Check if swap backing store is full
#   Decrease Java heap size (-Xmx/-Xms)
#   Decrease number of Java threads
#   Decrease Java thread stack sizes (-Xss)
#   Set larger code cache with -XX:ReservedCodeCacheSize=
#   JVM is running with Unscaled Compressed Oops mode in which the Java heap is
#     placed in the first 4GB address space. The Java Heap base address is the
#     maximum limit for the native heap growth. Please use -XX:HeapBaseMinAddress
#     to set the Java Heap base and to place the Java Heap above 4GB virtual address.
# This output file may be truncated or incomplete.
#
#  Out of Memory Error (os_windows.cpp:3710), pid=10152, tid=1660
#
# JRE version: OpenJDK Runtime Environment Microsoft-11369865 (17.0.15+6) (build 17.0.15+6-LTS)
# Java VM: OpenJDK 64-Bit Server VM Microsoft-11369865 (17.0.15+6-LTS, mixed mode, sharing, tiered, compressed oops, compressed class ptrs, g1 gc, windows-amd64)
# No core dump will be written. Minidumps are not enabled by default on client versions of Windows
#

---------------  S U M M A R Y ------------

Command Line: --add-opens=java.base/java.lang=ALL-UNNAMED --add-opens=java.base/java.lang.invoke=ALL-UNNAMED --add-opens=java.base/java.util=ALL-UNNAMED --add-opens=java.prefs/java.util.prefs=ALL-UNNAMED --add-exports=jdk.compiler/com.sun.tools.javac.api=ALL-UNNAMED --add-exports=jdk.compiler/com.sun.tools.javac.util=ALL-UNNAMED --add-opens=java.base/java.util=ALL-UNNAMED --add-opens=java.prefs/java.util.prefs=ALL-UNNAMED --add-opens=java.base/java.nio.charset=ALL-UNNAMED --add-opens=java.base/java.net=ALL-UNNAMED --add-opens=java.base/java.util.concurrent.atomic=ALL-UNNAMED --add-opens=java.xml/javax.xml.namespace=ALL-UNNAMED -XX:MaxMetaspaceSize=512m -Xmx2048m -Dfile.encoding=windows-1252 -Duser.country=US -Duser.language=en -Duser.variant -javaagent:C:\Users\DELL\.gradle\wrapper\dists\gradle-8.14.1-bin\baw1sv0jfoi8rxs14qo3h49cs\gradle-8.14.1\lib\agents\gradle-instrumentation-agent-8.14.1.jar org.gradle.launcher.daemon.bootstrap.GradleDaemon 8.14.1

Host: Intel(R) Core(TM) i5-5300U CPU @ 2.30GHz, 4 cores, 7G,  Windows 10 , 64 bit Build 19041 (10.0.19041.5915)
Time: Sat Jun 28 05:58:52 2025 Pakistan Standard Time elapsed time: 210.883434 seconds (0d 0h 3m 30s)

---------------  T H R E A D  ---------------

Current thread (0x000001c0c21dfd30):  VMThread "VM Thread" [stack: 0x0000006aa3000000,0x0000006aa3100000] [id=1660]

Stack: [0x0000006aa3000000,0x0000006aa3100000]
Native frames: (J=compiled Java code, j=interpreted, Vv=VM code, C=native code)
V  [jvm.dll+0x6887a9]
V  [jvm.dll+0x83f5a8]
V  [jvm.dll+0x841053]
V  [jvm.dll+0x8416c3]
V  [jvm.dll+0x2496ef]
V  [jvm.dll+0x6856e9]
V  [jvm.dll+0x679b7a]
V  [jvm.dll+0x30b0d7]
V  [jvm.dll+0x312646]
V  [jvm.dll+0x363038]
V  [jvm.dll+0x36324d]
V  [jvm.dll+0x2e236c]
V  [jvm.dll+0x2e5386]
V  [jvm.dll+0x2efabc]
V  [jvm.dll+0x322c9d]
V  [jvm.dll+0x845efd]
V  [jvm.dll+0x846c33]
V  [jvm.dll+0x84715f]
V  [jvm.dll+0x847544]
V  [jvm.dll+0x84760e]
V  [jvm.dll+0x7ef2dc]
V  [jvm.dll+0x687687]
C  [ucrtbase.dll+0x21bb2]
C  [KERNEL32.DLL+0x17374]
C  [ntdll.dll+0x4cc91]

VM_Operation (0x0000006aa2cff760): G1PauseRemark, mode: safepoint, requested by thread 0x000001c0a4661b30


---------------  P R O C E S S  ---------------

Threads class SMR info:
_java_thread_list=0x000001c0f251b280, length=110, elements={
0x000001c0a45f3f60, 0x000001c0c21e4a80, 0x000001c0c21e6fc0, 0x000001c0c21fd950,
0x000001c0c2201650, 0x000001c0c22026c0, 0x000001c0c2203730, 0x000001c0c2208080,
0x000001c0c2209980, 0x000001c0c2220690, 0x000001c0c22e3340, 0x000001c0c2423900,
0x000001c0e255ca90, 0x000001c0e325a870, 0x000001c0e2f963f0, 0x000001c0e30f4040,
0x000001c0e30f4520, 0x000001c0e3019e80, 0x000001c0e301cc10, 0x000001c0e301b2c0,
0x000001c0e301d120, 0x000001c0e3019970, 0x000001c0e301adb0, 0x000001c0e301b7d0,
0x000001c0e301c700, 0x000001c0e3dec020, 0x000001c0e3def7d0, 0x000001c0e3defce0,
0x000001c0e3deca40, 0x000001c0e3df2050, 0x000001c0e3df1b40, 0x000001c0e3df0c10,
0x000001c0e3dee390, 0x000001c0e3deb0f0, 0x000001c0e3deedb0, 0x000001c0e3df2560,
0x000001c0e3ded970, 0x000001c0e3debb10, 0x000001c0e3dee8a0, 0x000001c0e3dec530,
0x000001c0e3def2c0, 0x000001c0e278ef00, 0x000001c0e278fe30, 0x000001c0e278e9f0,
0x000001c0e2790d60, 0x000001c0e2790850, 0x000001c0e2791c90, 0x000001c0e278f920,
0x000001c0e2791270, 0x000001c0e2791780, 0x000001c0e3a66250, 0x000001c0e3a634c0,
0x000001c0e3a60c40, 0x000001c0e3a64e10, 0x000001c0e3a639d0, 0x000001c0e3a66c70,
0x000001c0e3a67ba0, 0x000001c0e3a65320, 0x000001c0e3a643f0, 0x000001c0e3a67180,
0x000001c0e3a60730, 0x000001c0e3a62080, 0x000001c0e3a680b0, 0x000001c0e3a61150,
0x000001c0e3a61660, 0x000001c0e3a61b70, 0x000001c0e3a62fb0, 0x000001c0e658b230,
0x000001c0e658cb80, 0x000001c0e658ad20, 0x000001c0e658f910, 0x000001c0e658f400,
0x000001c0e658fe20, 0x000001c0e65893d0, 0x000001c0e658d090, 0x000001c0e658bc50,
0x000001c0e658c670, 0x000001c0e658d5a0, 0x000001c0e6588ec0, 0x000001c0e6590330,
0x000001c0e6590840, 0x000001c0e658dab0, 0x000001c0e6589df0, 0x000001c0e658a810,
0x000001c0e658c160, 0x000001c0e658a300, 0x000001c0e3dede80, 0x000001c0e851e6f0,
0x000001c0eeea7900, 0x000001c0eeeab0b0, 0x000001c0eeea9250, 0x000001c0eeea9760,
0x000001c0eeea8320, 0x000001c0eeea8d40, 0x000001c0eeeaa180, 0x000001c0eeeae860,
0x000001c0e3a64900, 0x000001c0e8520550, 0x000001c0c2b794a0, 0x000001c0c2b78570,
0x000001c0eecefd30, 0x000001c0ed4ad060, 0x000001c0e6d28030, 0x000001c0e6d27610,
0x000001c0e6d27b20, 0x000001c0e6d266e0, 0x000001c0e6d24880, 0x000001c0f1325850,
0x000001c0ed4af8e0, 0x000001c0e6d24d90
}

Java Threads: ( => current thread )
  0x000001c0a45f3f60 JavaThread "main" [_thread_blocked, id=11560, stack(0x0000006aa2a00000,0x0000006aa2b00000)]
  0x000001c0c21e4a80 JavaThread "Reference Handler" daemon [_thread_blocked, id=1028, stack(0x0000006aa3100000,0x0000006aa3200000)]
  0x000001c0c21e6fc0 JavaThread "Finalizer" daemon [_thread_blocked, id=5364, stack(0x0000006aa3200000,0x0000006aa3300000)]
  0x000001c0c21fd950 JavaThread "Signal Dispatcher" daemon [_thread_blocked, id=11276, stack(0x0000006aa3300000,0x0000006aa3400000)]
  0x000001c0c2201650 JavaThread "Attach Listener" daemon [_thread_blocked, id=13980, stack(0x0000006aa3400000,0x0000006aa3500000)]
  0x000001c0c22026c0 JavaThread "Service Thread" daemon [_thread_blocked, id=13972, stack(0x0000006aa3500000,0x0000006aa3600000)]
  0x000001c0c2203730 JavaThread "Monitor Deflation Thread" daemon [_thread_blocked, id=13772, stack(0x0000006aa3600000,0x0000006aa3700000)]
  0x000001c0c2208080 JavaThread "C2 CompilerThread0" daemon [_thread_in_native, id=3596, stack(0x0000006aa3700000,0x0000006aa3800000)]
  0x000001c0c2209980 JavaThread "C1 CompilerThread0" daemon [_thread_blocked, id=12900, stack(0x0000006aa3800000,0x0000006aa3900000)]
  0x000001c0c2220690 JavaThread "Sweeper thread" daemon [_thread_blocked, id=12352, stack(0x0000006aa3900000,0x0000006aa3a00000)]
  0x000001c0c22e3340 JavaThread "Common-Cleaner" daemon [_thread_blocked, id=1892, stack(0x0000006aa3a00000,0x0000006aa3b00000)]
  0x000001c0c2423900 JavaThread "Notification Thread" daemon [_thread_blocked, id=11000, stack(0x0000006aa3b00000,0x0000006aa3c00000)]
  0x000001c0e255ca90 JavaThread "Daemon health stats" [_thread_blocked, id=13532, stack(0x0000006aa4100000,0x0000006aa4200000)]
  0x000001c0e325a870 JavaThread "Incoming local TCP Connector on port 56981" [_thread_in_native, id=4560, stack(0x0000006aa3f00000,0x0000006aa4000000)]
  0x000001c0e2f963f0 JavaThread "Daemon periodic checks" [_thread_blocked, id=13932, stack(0x0000006aa4200000,0x0000006aa4300000)]
  0x000001c0e30f4040 JavaThread "Daemon" [_thread_blocked, id=10748, stack(0x0000006aa4300000,0x0000006aa4400000)]
  0x000001c0e30f4520 JavaThread "Handler for socket connection from /127.0.0.1:56981 to /127.0.0.1:56982" [_thread_in_native, id=5820, stack(0x0000006aa4400000,0x0000006aa4500000)]
  0x000001c0e3019e80 JavaThread "Cancel handler" [_thread_blocked, id=2380, stack(0x0000006aa4500000,0x0000006aa4600000)]
  0x000001c0e301cc10 JavaThread "Daemon worker" [_thread_blocked, id=7640, stack(0x0000006aa4600000,0x0000006aa4700000)]
  0x000001c0e301b2c0 JavaThread "Asynchronous log dispatcher for DefaultDaemonConnection: socket connection from /127.0.0.1:56981 to /127.0.0.1:56982" [_thread_blocked, id=12436, stack(0x0000006aa4700000,0x0000006aa4800000)]
  0x000001c0e301d120 JavaThread "Stdin handler" [_thread_blocked, id=4628, stack(0x0000006aa4800000,0x0000006aa4900000)]
  0x000001c0e3019970 JavaThread "Daemon client event forwarder" [_thread_blocked, id=9592, stack(0x0000006aa4900000,0x0000006aa4a00000)]
  0x000001c0e301adb0 JavaThread "Cache worker for journal cache (C:\Users\DELL\.gradle\caches\journal-1)" [_thread_blocked, id=13768, stack(0x0000006aa4a00000,0x0000006aa4b00000)]
  0x000001c0e301b7d0 JavaThread "File lock request listener" [_thread_in_native, id=9800, stack(0x0000006aa4b00000,0x0000006aa4c00000)]
  0x000001c0e301c700 JavaThread "Cache worker for file hash cache (C:\Users\DELL\.gradle\caches\8.14.1\fileHashes)" [_thread_blocked, id=10820, stack(0x0000006aa4c00000,0x0000006aa4d00000)]
  0x000001c0e3dec020 JavaThread "Cache worker for file hash cache (D:\VoltX\android\.gradle\8.14.1\fileHashes)" [_thread_blocked, id=1220, stack(0x0000006aa4e00000,0x0000006aa4f00000)]
  0x000001c0e3def7d0 JavaThread "Cache worker for Build Output Cleanup Cache (D:\VoltX\android\.gradle\buildOutputCleanup)" [_thread_blocked, id=9516, stack(0x0000006aa4f00000,0x0000006aa5000000)]
  0x000001c0e3defce0 JavaThread "File watcher server" daemon [_thread_blocked, id=12824, stack(0x0000006aa5000000,0x0000006aa5100000)]
  0x000001c0e3deca40 JavaThread "File watcher consumer" daemon [_thread_blocked, id=1676, stack(0x0000006aa5100000,0x0000006aa5200000)]
  0x000001c0e3df2050 JavaThread "jar transforms" [_thread_blocked, id=3660, stack(0x0000006aa5200000,0x0000006aa5300000)]
  0x000001c0e3df1b40 JavaThread "Cache worker for checksums cache (D:\VoltX\android\.gradle\8.14.1\checksums)" [_thread_blocked, id=1344, stack(0x0000006aa5300000,0x0000006aa5400000)]
  0x000001c0e3df0c10 JavaThread "Cache worker for file content cache (C:\Users\DELL\.gradle\caches\8.14.1\fileContent)" [_thread_blocked, id=10284, stack(0x0000006aa5400000,0x0000006aa5500000)]
  0x000001c0e3dee390 JavaThread "Cache worker for cache directory md-supplier (C:\Users\DELL\.gradle\caches\8.14.1\md-supplier)" [_thread_blocked, id=3160, stack(0x0000006aa5500000,0x0000006aa5600000)]
  0x000001c0e3deb0f0 JavaThread "Cache worker for cache directory md-rule (C:\Users\DELL\.gradle\caches\8.14.1\md-rule)" [_thread_blocked, id=8164, stack(0x0000006aa5600000,0x0000006aa5700000)]
  0x000001c0e3deedb0 JavaThread "Cache worker for Build Output Cleanup Cache (D:\VoltX\node_modules\@react-native\gradle-plugin\.gradle\buildOutputCleanup)" [_thread_blocked, id=1216, stack(0x0000006aa5700000,0x0000006aa5800000)]
  0x000001c0e3df2560 JavaThread "Unconstrained build operations" [_thread_blocked, id=13800, stack(0x0000006aa5800000,0x0000006aa5900000)]
  0x000001c0e3ded970 JavaThread "Unconstrained build operations Thread 2" [_thread_blocked, id=8988, stack(0x0000006aa5900000,0x0000006aa5a00000)]
  0x000001c0e3debb10 JavaThread "Unconstrained build operations Thread 3" [_thread_blocked, id=13792, stack(0x0000006aa5a00000,0x0000006aa5b00000)]
  0x000001c0e3dee8a0 JavaThread "Unconstrained build operations Thread 4" [_thread_blocked, id=13880, stack(0x0000006aa5b00000,0x0000006aa5c00000)]
  0x000001c0e3dec530 JavaThread "Unconstrained build operations Thread 5" [_thread_blocked, id=12776, stack(0x0000006aa5c00000,0x0000006aa5d00000)]
  0x000001c0e3def2c0 JavaThread "Unconstrained build operations Thread 6" [_thread_blocked, id=8408, stack(0x0000006aa5d00000,0x0000006aa5e00000)]
  0x000001c0e278ef00 JavaThread "Unconstrained build operations Thread 7" [_thread_blocked, id=2844, stack(0x0000006aa5e00000,0x0000006aa5f00000)]
  0x000001c0e278fe30 JavaThread "Unconstrained build operations Thread 8" [_thread_blocked, id=1588, stack(0x0000006aa5f00000,0x0000006aa6000000)]
  0x000001c0e278e9f0 JavaThread "Unconstrained build operations Thread 9" [_thread_blocked, id=4276, stack(0x0000006aa6000000,0x0000006aa6100000)]
  0x000001c0e2790d60 JavaThread "Unconstrained build operations Thread 10" [_thread_blocked, id=11332, stack(0x0000006aa6100000,0x0000006aa6200000)]
  0x000001c0e2790850 JavaThread "Unconstrained build operations Thread 11" [_thread_blocked, id=14048, stack(0x0000006aa6200000,0x0000006aa6300000)]
  0x000001c0e2791c90 JavaThread "Unconstrained build operations Thread 12" [_thread_blocked, id=6552, stack(0x0000006aa6300000,0x0000006aa6400000)]
  0x000001c0e278f920 JavaThread "Unconstrained build operations Thread 13" [_thread_blocked, id=8720, stack(0x0000006aa6400000,0x0000006aa6500000)]
  0x000001c0e2791270 JavaThread "Unconstrained build operations Thread 14" [_thread_blocked, id=11668, stack(0x0000006aa6500000,0x0000006aa6600000)]
  0x000001c0e2791780 JavaThread "Unconstrained build operations Thread 15" [_thread_blocked, id=8264, stack(0x0000006aa6600000,0x0000006aa6700000)]
  0x000001c0e3a66250 JavaThread "build event listener" [_thread_blocked, id=1536, stack(0x0000006aa4d00000,0x0000006aa4e00000)]
  0x000001c0e3a634c0 JavaThread "Memory manager" [_thread_blocked, id=5128, stack(0x0000006aa6700000,0x0000006aa6800000)]
  0x000001c0e3a60c40 JavaThread "ForkJoinPool.commonPool-worker-3" daemon [_thread_blocked, id=13376, stack(0x0000006aa6b00000,0x0000006aa6c00000)]
  0x000001c0e3a64e10 JavaThread "included builds" [_thread_blocked, id=12116, stack(0x0000006aa6800000,0x0000006aa6900000)]
  0x000001c0e3a639d0 JavaThread "Execution worker" [_thread_blocked, id=8892, stack(0x0000006aa6f00000,0x0000006aa7000000)]
  0x000001c0e3a66c70 JavaThread "Execution worker Thread 2" [_thread_blocked, id=6332, stack(0x0000006aa7000000,0x0000006aa7100000)]
  0x000001c0e3a67ba0 JavaThread "Execution worker Thread 3" [_thread_blocked, id=10932, stack(0x0000006aa7100000,0x0000006aa7200000)]
  0x000001c0e3a65320 JavaThread "Cache worker for execution history cache (D:\VoltX\node_modules\@react-native\gradle-plugin\.gradle\8.14.1\executionHistory)" [_thread_blocked, id=9452, stack(0x0000006aa7200000,0x0000006aa7300000)]
  0x000001c0e3a643f0 JavaThread "Unconstrained build operations Thread 16" [_thread_blocked, id=14224, stack(0x0000006aa7400000,0x0000006aa7500000)]
  0x000001c0e3a67180 JavaThread "Unconstrained build operations Thread 17" [_thread_blocked, id=9532, stack(0x0000006aa7500000,0x0000006aa7600000)]
  0x000001c0e3a60730 JavaThread "Unconstrained build operations Thread 18" [_thread_blocked, id=9520, stack(0x0000006aa7600000,0x0000006aa7700000)]
  0x000001c0e3a62080 JavaThread "Unconstrained build operations Thread 19" [_thread_blocked, id=6572, stack(0x0000006aa7700000,0x0000006aa7800000)]
  0x000001c0e3a680b0 JavaThread "Unconstrained build operations Thread 20" [_thread_blocked, id=3516, stack(0x0000006aa7800000,0x0000006aa7900000)]
  0x000001c0e3a61150 JavaThread "Unconstrained build operations Thread 21" [_thread_blocked, id=14100, stack(0x0000006aa7900000,0x0000006aa7a00000)]
  0x000001c0e3a61660 JavaThread "Unconstrained build operations Thread 22" [_thread_blocked, id=2312, stack(0x0000006aa7a00000,0x0000006aa7b00000)]
  0x000001c0e3a61b70 JavaThread "Unconstrained build operations Thread 23" [_thread_blocked, id=12360, stack(0x0000006aa7b00000,0x0000006aa7c00000)]
  0x000001c0e3a62fb0 JavaThread "Unconstrained build operations Thread 24" [_thread_blocked, id=8336, stack(0x0000006aa7c00000,0x0000006aa7d00000)]
  0x000001c0e658b230 JavaThread "Unconstrained build operations Thread 25" [_thread_blocked, id=992, stack(0x0000006aa7d00000,0x0000006aa7e00000)]
  0x000001c0e658cb80 JavaThread "Unconstrained build operations Thread 26" [_thread_blocked, id=14196, stack(0x0000006aa7e00000,0x0000006aa7f00000)]
  0x000001c0e658ad20 JavaThread "Unconstrained build operations Thread 27" [_thread_blocked, id=4216, stack(0x0000006aa7f00000,0x0000006aa8000000)]
  0x000001c0e658f910 JavaThread "Unconstrained build operations Thread 28" [_thread_blocked, id=6884, stack(0x0000006aa8000000,0x0000006aa8100000)]
  0x000001c0e658f400 JavaThread "Unconstrained build operations Thread 29" [_thread_blocked, id=13036, stack(0x0000006aa7300000,0x0000006aa7400000)]
  0x000001c0e658fe20 JavaThread "Unconstrained build operations Thread 30" [_thread_blocked, id=7480, stack(0x0000006aa8300000,0x0000006aa8400000)]
  0x000001c0e65893d0 JavaThread "Unconstrained build operations Thread 31" [_thread_blocked, id=1280, stack(0x0000006aa8400000,0x0000006aa8500000)]
  0x000001c0e658d090 JavaThread "Unconstrained build operations Thread 32" [_thread_blocked, id=12512, stack(0x0000006aa8500000,0x0000006aa8600000)]
  0x000001c0e658bc50 JavaThread "Unconstrained build operations Thread 33" [_thread_blocked, id=10840, stack(0x0000006aa8600000,0x0000006aa8700000)]
  0x000001c0e658c670 JavaThread "Unconstrained build operations Thread 34" [_thread_blocked, id=8712, stack(0x0000006aa8700000,0x0000006aa8800000)]
  0x000001c0e658d5a0 JavaThread "Unconstrained build operations Thread 35" [_thread_blocked, id=10484, stack(0x0000006aa8900000,0x0000006aa8a00000)]
  0x000001c0e6588ec0 JavaThread "Unconstrained build operations Thread 36" [_thread_blocked, id=5668, stack(0x0000006aa8a00000,0x0000006aa8b00000)]
  0x000001c0e6590330 JavaThread "Unconstrained build operations Thread 37" [_thread_blocked, id=11328, stack(0x0000006aa8b00000,0x0000006aa8c00000)]
  0x000001c0e6590840 JavaThread "jar transforms Thread 2" [_thread_blocked, id=13524, stack(0x0000006aa8c00000,0x0000006aa8d00000)]
  0x000001c0e658dab0 JavaThread "jar transforms Thread 3" [_thread_blocked, id=8460, stack(0x0000006aa8d00000,0x0000006aa8e00000)]
  0x000001c0e6589df0 JavaThread "Unconstrained build operations Thread 38" [_thread_blocked, id=3984, stack(0x0000006aa8e00000,0x0000006aa8f00000)]
  0x000001c0e658a810 JavaThread "Unconstrained build operations Thread 39" [_thread_blocked, id=8244, stack(0x0000006aa8f00000,0x0000006aa9000000)]
  0x000001c0e658c160 JavaThread "Unconstrained build operations Thread 40" [_thread_blocked, id=5300, stack(0x0000006aa9000000,0x0000006aa9100000)]
  0x000001c0e658a300 JavaThread "jar transforms Thread 4" [_thread_blocked, id=3248, stack(0x0000006aa9100000,0x0000006aa9200000)]
  0x000001c0e3dede80 JavaThread "Problems report writer" [_thread_blocked, id=9524, stack(0x0000006aa9200000,0x0000006aa9300000)]
  0x000001c0e851e6f0 JavaThread "build event listener" [_thread_blocked, id=6988, stack(0x0000006aa9300000,0x0000006aa9400000)]
  0x000001c0eeea7900 JavaThread "Cache worker for execution history cache (D:\VoltX\android\.gradle\8.14.1\executionHistory)" [_thread_blocked, id=13864, stack(0x0000006aa9400000,0x0000006aa9500000)]
  0x000001c0eeeab0b0 JavaThread "WorkerExecutor Queue" [_thread_blocked, id=7200, stack(0x0000006aa8800000,0x0000006aa8900000)]
  0x000001c0eeea9250 JavaThread "WorkerExecutor Queue Thread 2" [_thread_blocked, id=6464, stack(0x0000006aa9500000,0x0000006aa9600000)]
  0x000001c0eeea9760 JavaThread "WorkerExecutor Queue Thread 3" [_thread_blocked, id=11900, stack(0x0000006aa9600000,0x0000006aa9700000)]
  0x000001c0eeea8320 JavaThread "pool-3-thread-1" [_thread_blocked, id=13700, stack(0x0000006aa9900000,0x0000006aa9a00000)]
  0x000001c0eeea8d40 JavaThread "stderr" [_thread_in_native, id=13320, stack(0x0000006aa9a00000,0x0000006aa9b00000)]
  0x000001c0eeeaa180 JavaThread "stdout" [_thread_in_native, id=5436, stack(0x0000006aa9b00000,0x0000006aa9c00000)]
  0x000001c0eeeae860 JavaThread "RMI Scheduler(0)" daemon [_thread_blocked, id=6792, stack(0x0000006aa9c00000,0x0000006aa9d00000)]
  0x000001c0e3a64900 JavaThread "RMI GC Daemon" daemon [_thread_blocked, id=6692, stack(0x0000006aa9e00000,0x0000006aa9f00000)]
  0x000001c0e8520550 JavaThread "RMI TCP Accept-0" daemon [_thread_in_native, id=8772, stack(0x0000006aa9f00000,0x0000006aaa000000)]
  0x000001c0c2b794a0 JavaThread "RMI Reaper" [_thread_blocked, id=212, stack(0x0000006aaa000000,0x0000006aaa100000)]
  0x000001c0c2b78570 JavaThread "RMI TCP Connection(idle)" daemon [_thread_blocked, id=4184, stack(0x0000006aaa100000,0x0000006aaa200000)]
  0x000001c0eecefd30 JavaThread "C2 CompilerThread1" daemon [_thread_blocked, id=12208, stack(0x0000006aa6c00000,0x0000006aa6d00000)]
  0x000001c0ed4ad060 JavaThread "WorkerExecutor Queue Thread 5" [_thread_blocked, id=3412, stack(0x0000006aa2700000,0x0000006aa2800000)]
  0x000001c0e6d28030 JavaThread "Cache worker for Java compile cache (C:\Users\DELL\.gradle\caches\8.14.1\javaCompile)" [_thread_blocked, id=13816, stack(0x0000006aa2800000,0x0000006aa2900000)]
  0x000001c0e6d27610 JavaThread "Build operations" [_thread_blocked, id=5184, stack(0x0000006aa2900000,0x0000006aa2a00000)]
  0x000001c0e6d27b20 JavaThread "Build operations Thread 2" [_thread_blocked, id=12536, stack(0x0000006aa6a00000,0x0000006aa6b00000)]
  0x000001c0e6d266e0 JavaThread "Build operations Thread 3" [_thread_blocked, id=2912, stack(0x0000006aa8100000,0x0000006aa8200000)]
  0x000001c0e6d24880 JavaThread "ForkJoinPool-1-worker-1" daemon [_thread_blocked, id=1012, stack(0x0000006aa8200000,0x0000006aa8300000)]
  0x000001c0f1325850 JavaThread "ForkJoinPool-1-worker-2" daemon [_thread_blocked, id=4460, stack(0x0000006aa9700000,0x0000006aa9800000)]
  0x000001c0ed4af8e0 JavaThread "ForkJoinPool-1-worker-3" daemon [_thread_blocked, id=13992, stack(0x0000006aa9800000,0x0000006aa9900000)]
  0x000001c0e6d24d90 JavaThread "ForkJoinPool-1-worker-4" daemon [_thread_blocked, id=11704, stack(0x0000006aa9d00000,0x0000006aa9e00000)]

Other Threads:
=>0x000001c0c21dfd30 VMThread "VM Thread" [stack: 0x0000006aa3000000,0x0000006aa3100000] [id=1660]
  0x000001c0a45f6240 WatcherThread [stack: 0x0000006aa3c00000,0x0000006aa3d00000] [id=5496]
  0x000001c0a4650cd0 GCTaskThread "GC Thread#0" [stack: 0x0000006aa2b00000,0x0000006aa2c00000] [id=2424]
  0x000001c0c24f37c0 GCTaskThread "GC Thread#1" [stack: 0x0000006aa3d00000,0x0000006aa3e00000] [id=7716]
  0x000001c0c24f3a80 GCTaskThread "GC Thread#2" [stack: 0x0000006aa3e00000,0x0000006aa3f00000] [id=10396]
  0x000001c0e2421ce0 GCTaskThread "GC Thread#3" [stack: 0x0000006aa4000000,0x0000006aa4100000] [id=14096]
  0x000001c0a4661b30 ConcurrentGCThread "G1 Main Marker" [stack: 0x0000006aa2c00000,0x0000006aa2d00000] [id=1532]
  0x000001c0a4662c00 ConcurrentGCThread "G1 Conc#0" [stack: 0x0000006aa2d00000,0x0000006aa2e00000] [id=732]
  0x000001c0a46a73f0 ConcurrentGCThread "G1 Refine#0" [stack: 0x0000006aa2e00000,0x0000006aa2f00000] [id=2588]
  0x000001c0ee7e2640 ConcurrentGCThread "G1 Refine#1" [stack: 0x0000006aa6d00000,0x0000006aa6e00000] [id=2580]
  0x000001c0ee7e2f10 ConcurrentGCThread "G1 Refine#2" [stack: 0x0000006aa6e00000,0x0000006aa6f00000] [id=11312]
  0x000001c0c20a20c0 ConcurrentGCThread "G1 Service" [stack: 0x0000006aa2f00000,0x0000006aa3000000] [id=14236]

Threads with active compile tasks:
C2 CompilerThread0   210944 33874       4       com.android.tools.r8.internal.cn::a (3327 bytes)
C2 CompilerThread1   210944 34912       4       com.android.tools.r8.dex.A::<init> (1778 bytes)

VM state: at safepoint (normal execution)

VM Mutex/Monitor currently owned by a thread:  ([mutex/lock_event])
[0x000001c0a45f1430] Threads_lock - owner thread: 0x000001c0c21dfd30
[0x000001c0a45f0bc0] Heap_lock - owner thread: 0x000001c0a4661b30

Heap address: 0x0000000080000000, size: 2048 MB, Compressed Oops mode: 32-bit

CDS archive(s) mapped at: [0x000001c0c3000000-0x000001c0c3bb0000-0x000001c0c3bb0000), size 12255232, SharedBaseAddress: 0x000001c0c3000000, ArchiveRelocationMode: 1.
Compressed class space mapped at: 0x000001c0c4000000-0x000001c0de000000, reserved size: 436207616
Narrow klass base: 0x000001c0c3000000, Narrow klass shift: 0, Narrow klass range: 0x100000000

GC Precious Log:
 CPUs: 4 total, 4 available
 Memory: 8080M
 Large Page Support: Disabled
 NUMA Support: Disabled
 Compressed Oops: Enabled (32-bit)
 Heap Region Size: 1M
 Heap Min Capacity: 8M
 Heap Initial Capacity: 128M
 Heap Max Capacity: 2G
 Pre-touch: Disabled
 Parallel Workers: 4
 Concurrent Workers: 1
 Concurrent Refinement Workers: 4
 Periodic GC: Disabled

Heap:
 garbage-first heap   total 926720K, used 725701K [0x0000000080000000, 0x0000000100000000)
  region size 1024K, 107 young (109568K), 21 survivors (21504K)
 Metaspace       used 162111K, committed 164032K, reserved 622592K
  class space    used 21622K, committed 22528K, reserved 425984K

Heap Regions: E=young(eden), S=young(survivor), O=old, HS=humongous(starts), HC=humongous(continues), CS=collection set, F=free, OA=open archive, CA=closed archive, TAMS=top-at-mark-start (previous, next)
|   0|0x0000000080000000, 0x0000000080100000, 0x0000000080100000|100%|HS|  |TAMS 0x0000000080100000, 0x0000000080000000| Complete 
|   1|0x0000000080100000, 0x0000000080200000, 0x0000000080200000|100%|HC|  |TAMS 0x0000000080200000, 0x0000000080100000| Complete 
|   2|0x0000000080200000, 0x0000000080300000, 0x0000000080300000|100%|HC|  |TAMS 0x0000000080300000, 0x0000000080200000| Complete 
|   3|0x0000000080300000, 0x0000000080400000, 0x0000000080400000|100%| O|  |TAMS 0x0000000080400000, 0x0000000080300000| Updating 
|   4|0x0000000080400000, 0x0000000080500000, 0x0000000080500000|100%| O|  |TAMS 0x0000000080500000, 0x0000000080400000| Untracked 
|   5|0x0000000080500000, 0x0000000080600000, 0x0000000080600000|100%| O|  |TAMS 0x0000000080600000, 0x0000000080500000| Untracked 
|   6|0x0000000080600000, 0x0000000080700000, 0x0000000080700000|100%| O|  |TAMS 0x0000000080700000, 0x0000000080600000| Untracked 
|   7|0x0000000080700000, 0x0000000080800000, 0x0000000080800000|100%|HS|  |TAMS 0x0000000080800000, 0x0000000080700000| Complete 
|   8|0x0000000080800000, 0x0000000080900000, 0x0000000080900000|100%| O|  |TAMS 0x0000000080900000, 0x0000000080800000| Untracked 
|   9|0x0000000080900000, 0x0000000080a00000, 0x0000000080a00000|100%| O|  |TAMS 0x0000000080a00000, 0x0000000080900000| Untracked 
|  10|0x0000000080a00000, 0x0000000080b00000, 0x0000000080b00000|100%| O|  |TAMS 0x0000000080b00000, 0x0000000080a00000| Untracked 
|  11|0x0000000080b00000, 0x0000000080c00000, 0x0000000080c00000|100%| O|  |TAMS 0x0000000080c00000, 0x0000000080b00000| Updating 
|  12|0x0000000080c00000, 0x0000000080d00000, 0x0000000080d00000|100%| O|  |TAMS 0x0000000080d00000, 0x0000000080c00000| Untracked 
|  13|0x0000000080d00000, 0x0000000080e00000, 0x0000000080e00000|100%| O|  |TAMS 0x0000000080e00000, 0x0000000080d00000| Untracked 
|  14|0x0000000080e00000, 0x0000000080f00000, 0x0000000080f00000|100%| O|  |TAMS 0x0000000080f00000, 0x0000000080e00000| Untracked 
|  15|0x0000000080f00000, 0x0000000080fb1600, 0x0000000081000000| 69%| O|  |TAMS 0x0000000080fb1600, 0x0000000080f00000| Updating 
|  16|0x0000000081000000, 0x0000000081100000, 0x0000000081100000|100%| O|  |TAMS 0x0000000081100000, 0x0000000081000000| Untracked 
|  17|0x0000000081100000, 0x0000000081200000, 0x0000000081200000|100%| O|  |TAMS 0x0000000081200000, 0x0000000081100000| Untracked 
|  18|0x0000000081200000, 0x0000000081300000, 0x0000000081300000|100%| O|  |TAMS 0x0000000081300000, 0x0000000081200000| Untracked 
|  19|0x0000000081300000, 0x0000000081400000, 0x0000000081400000|100%| O|  |TAMS 0x0000000081400000, 0x0000000081300000| Untracked 
|  20|0x0000000081400000, 0x0000000081500000, 0x0000000081500000|100%| O|  |TAMS 0x0000000081500000, 0x0000000081400000| Untracked 
|  21|0x0000000081500000, 0x0000000081600000, 0x0000000081600000|100%| O|  |TAMS 0x0000000081600000, 0x0000000081500000| Untracked 
|  22|0x0000000081600000, 0x0000000081700000, 0x0000000081700000|100%| O|  |TAMS 0x0000000081700000, 0x0000000081600000| Untracked 
|  23|0x0000000081700000, 0x0000000081800000, 0x0000000081800000|100%| O|  |TAMS 0x0000000081800000, 0x0000000081700000| Untracked 
|  24|0x0000000081800000, 0x0000000081900000, 0x0000000081900000|100%| O|  |TAMS 0x0000000081900000, 0x0000000081800000| Untracked 
|  25|0x0000000081900000, 0x0000000081a00000, 0x0000000081a00000|100%| O|  |TAMS 0x0000000081a00000, 0x0000000081900000| Untracked 
|  26|0x0000000081a00000, 0x0000000081b00000, 0x0000000081b00000|100%| O|  |TAMS 0x0000000081b00000, 0x0000000081a00000| Updating 
|  27|0x0000000081b00000, 0x0000000081c00000, 0x0000000081c00000|100%| O|  |TAMS 0x0000000081c00000, 0x0000000081b00000| Updating 
|  28|0x0000000081c00000, 0x0000000081d00000, 0x0000000081d00000|100%| O|  |TAMS 0x0000000081d00000, 0x0000000081c00000| Untracked 
|  29|0x0000000081d00000, 0x0000000081e00000, 0x0000000081e00000|100%| O|  |TAMS 0x0000000081e00000, 0x0000000081d00000| Updating 
|  30|0x0000000081e00000, 0x0000000081f00000, 0x0000000081f00000|100%| O|  |TAMS 0x0000000081f00000, 0x0000000081e00000| Untracked 
|  31|0x0000000081f00000, 0x0000000082000000, 0x0000000082000000|100%| O|  |TAMS 0x0000000082000000, 0x0000000081f00000| Updating 
|  32|0x0000000082000000, 0x0000000082100000, 0x0000000082100000|100%| O|  |TAMS 0x0000000082100000, 0x0000000082000000| Updating 
|  33|0x0000000082100000, 0x0000000082200000, 0x0000000082200000|100%| O|  |TAMS 0x0000000082200000, 0x0000000082100000| Untracked 
|  34|0x0000000082200000, 0x0000000082300000, 0x0000000082300000|100%| O|  |TAMS 0x0000000082300000, 0x0000000082200000| Updating 
|  35|0x0000000082300000, 0x0000000082400000, 0x0000000082400000|100%| O|  |TAMS 0x0000000082400000, 0x0000000082300000| Updating 
|  36|0x0000000082400000, 0x0000000082500000, 0x0000000082500000|100%| O|  |TAMS 0x0000000082500000, 0x0000000082400000| Updating 
|  37|0x0000000082500000, 0x0000000082600000, 0x0000000082600000|100%| O|  |TAMS 0x0000000082600000, 0x0000000082500000| Untracked 
|  38|0x0000000082600000, 0x0000000082700000, 0x0000000082700000|100%| O|  |TAMS 0x0000000082700000, 0x0000000082600000| Untracked 
|  39|0x0000000082700000, 0x0000000082800000, 0x0000000082800000|100%| O|  |TAMS 0x0000000082800000, 0x0000000082700000| Untracked 
|  40|0x0000000082800000, 0x0000000082900000, 0x0000000082900000|100%| O|  |TAMS 0x0000000082900000, 0x0000000082800000| Updating 
|  41|0x0000000082900000, 0x0000000082a00000, 0x0000000082a00000|100%| O|  |TAMS 0x0000000082a00000, 0x0000000082900000| Updating 
|  42|0x0000000082a00000, 0x0000000082b00000, 0x0000000082b00000|100%| O|  |TAMS 0x0000000082b00000, 0x0000000082a00000| Updating 
|  43|0x0000000082b00000, 0x0000000082c00000, 0x0000000082c00000|100%|HS|  |TAMS 0x0000000082c00000, 0x0000000082b00000| Complete 
|  44|0x0000000082c00000, 0x0000000082d00000, 0x0000000082d00000|100%|HC|  |TAMS 0x0000000082d00000, 0x0000000082c00000| Complete 
|  45|0x0000000082d00000, 0x0000000082e00000, 0x0000000082e00000|100%|HC|  |TAMS 0x0000000082e00000, 0x0000000082d00000| Complete 
|  46|0x0000000082e00000, 0x0000000082f00000, 0x0000000082f00000|100%|HS|  |TAMS 0x0000000082f00000, 0x0000000082e00000| Complete 
|  47|0x0000000082f00000, 0x0000000083000000, 0x0000000083000000|100%|HC|  |TAMS 0x0000000083000000, 0x0000000082f00000| Complete 
|  48|0x0000000083000000, 0x0000000083100000, 0x0000000083100000|100%|HC|  |TAMS 0x0000000083100000, 0x0000000083000000| Complete 
|  49|0x0000000083100000, 0x0000000083200000, 0x0000000083200000|100%| O|  |TAMS 0x0000000083200000, 0x0000000083100000| Updating 
|  50|0x0000000083200000, 0x0000000083300000, 0x0000000083300000|100%| O|  |TAMS 0x0000000083300000, 0x0000000083200000| Untracked 
|  51|0x0000000083300000, 0x0000000083400000, 0x0000000083400000|100%| O|  |TAMS 0x0000000083400000, 0x0000000083300000| Untracked 
|  52|0x0000000083400000, 0x0000000083500000, 0x0000000083500000|100%| O|  |TAMS 0x0000000083500000, 0x0000000083400000| Updating 
|  53|0x0000000083500000, 0x0000000083600000, 0x0000000083600000|100%| O|  |TAMS 0x0000000083600000, 0x0000000083500000| Untracked 
|  54|0x0000000083600000, 0x0000000083700000, 0x0000000083700000|100%| O|  |TAMS 0x0000000083700000, 0x0000000083600000| Untracked 
|  55|0x0000000083700000, 0x0000000083800000, 0x0000000083800000|100%| O|  |TAMS 0x0000000083800000, 0x0000000083700000| Updating 
|  56|0x0000000083800000, 0x0000000083900000, 0x0000000083900000|100%|HS|  |TAMS 0x0000000083900000, 0x0000000083800000| Complete 
|  57|0x0000000083900000, 0x0000000083a00000, 0x0000000083a00000|100%| O|  |TAMS 0x0000000083a00000, 0x0000000083900000| Untracked 
|  58|0x0000000083a00000, 0x0000000083b00000, 0x0000000083b00000|100%| O|  |TAMS 0x0000000083b00000, 0x0000000083a00000| Updating 
|  59|0x0000000083b00000, 0x0000000083c00000, 0x0000000083c00000|100%| O|  |TAMS 0x0000000083c00000, 0x0000000083b00000| Updating 
|  60|0x0000000083c00000, 0x0000000083d00000, 0x0000000083d00000|100%| O|  |TAMS 0x0000000083d00000, 0x0000000083c00000| Updating 
|  61|0x0000000083d00000, 0x0000000083e00000, 0x0000000083e00000|100%| O|  |TAMS 0x0000000083e00000, 0x0000000083d00000| Updating 
|  62|0x0000000083e00000, 0x0000000083f00000, 0x0000000083f00000|100%| O|  |TAMS 0x0000000083f00000, 0x0000000083e00000| Untracked 
|  63|0x0000000083f00000, 0x0000000084000000, 0x0000000084000000|100%| O|  |TAMS 0x0000000084000000, 0x0000000083f00000| Untracked 
|  64|0x0000000084000000, 0x0000000084100000, 0x0000000084100000|100%| O|  |TAMS 0x0000000084100000, 0x0000000084000000| Untracked 
|  65|0x0000000084100000, 0x0000000084200000, 0x0000000084200000|100%| O|  |TAMS 0x0000000084200000, 0x0000000084100000| Updating 
|  66|0x0000000084200000, 0x0000000084300000, 0x0000000084300000|100%| O|  |TAMS 0x0000000084300000, 0x0000000084200000| Updating 
|  67|0x0000000084300000, 0x0000000084400000, 0x0000000084400000|100%|HS|  |TAMS 0x0000000084400000, 0x0000000084300000| Complete 
|  68|0x0000000084400000, 0x0000000084500000, 0x0000000084500000|100%| O|  |TAMS 0x0000000084500000, 0x0000000084400000| Updating 
|  69|0x0000000084500000, 0x0000000084600000, 0x0000000084600000|100%| O|  |TAMS 0x0000000084600000, 0x0000000084500000| Untracked 
|  70|0x0000000084600000, 0x0000000084700000, 0x0000000084700000|100%| O|  |TAMS 0x0000000084700000, 0x0000000084600000| Untracked 
|  71|0x0000000084700000, 0x0000000084800000, 0x0000000084800000|100%| O|  |TAMS 0x0000000084800000, 0x0000000084700000| Untracked 
|  72|0x0000000084800000, 0x0000000084900000, 0x0000000084900000|100%| O|  |TAMS 0x0000000084900000, 0x0000000084800000| Updating 
|  73|0x0000000084900000, 0x0000000084a00000, 0x0000000084a00000|100%| O|  |TAMS 0x0000000084a00000, 0x0000000084900000| Updating 
|  74|0x0000000084a00000, 0x0000000084b00000, 0x0000000084b00000|100%| O|  |TAMS 0x0000000084b00000, 0x0000000084a00000| Updating 
|  75|0x0000000084b00000, 0x0000000084c00000, 0x0000000084c00000|100%| O|  |TAMS 0x0000000084c00000, 0x0000000084b00000| Updating 
|  76|0x0000000084c00000, 0x0000000084d00000, 0x0000000084d00000|100%|HS|  |TAMS 0x0000000084d00000, 0x0000000084c00000| Complete 
|  77|0x0000000084d00000, 0x0000000084e00000, 0x0000000084e00000|100%|HS|  |TAMS 0x0000000084e00000, 0x0000000084d00000| Complete 
|  78|0x0000000084e00000, 0x0000000084f00000, 0x0000000084f00000|100%|HS|  |TAMS 0x0000000084f00000, 0x0000000084e00000| Complete 
|  79|0x0000000084f00000, 0x0000000085000000, 0x0000000085000000|100%|HS|  |TAMS 0x0000000085000000, 0x0000000084f00000| Complete 
|  80|0x0000000085000000, 0x0000000085100000, 0x0000000085100000|100%|HS|  |TAMS 0x0000000085100000, 0x0000000085000000| Complete 
|  81|0x0000000085100000, 0x0000000085200000, 0x0000000085200000|100%|HS|  |TAMS 0x0000000085200000, 0x0000000085100000| Complete 
|  82|0x0000000085200000, 0x0000000085300000, 0x0000000085300000|100%|HS|  |TAMS 0x0000000085300000, 0x0000000085200000| Complete 
|  83|0x0000000085300000, 0x0000000085400000, 0x0000000085400000|100%| O|  |TAMS 0x0000000085400000, 0x0000000085300000| Updating 
|  84|0x0000000085400000, 0x0000000085500000, 0x0000000085500000|100%| O|  |TAMS 0x0000000085500000, 0x0000000085400000| Updating 
|  85|0x0000000085500000, 0x0000000085600000, 0x0000000085600000|100%| O|  |TAMS 0x0000000085600000, 0x0000000085500000| Updating 
|  86|0x0000000085600000, 0x0000000085700000, 0x0000000085700000|100%| O|  |TAMS 0x0000000085700000, 0x0000000085600000| Untracked 
|  87|0x0000000085700000, 0x0000000085800000, 0x0000000085800000|100%| O|  |TAMS 0x0000000085800000, 0x0000000085700000| Untracked 
|  88|0x0000000085800000, 0x0000000085900000, 0x0000000085900000|100%| O|  |TAMS 0x0000000085900000, 0x0000000085800000| Untracked 
|  89|0x0000000085900000, 0x0000000085a00000, 0x0000000085a00000|100%| O|  |TAMS 0x0000000085a00000, 0x0000000085900000| Updating 
|  90|0x0000000085a00000, 0x0000000085b00000, 0x0000000085b00000|100%| O|  |TAMS 0x0000000085b00000, 0x0000000085a00000| Updating 
|  91|0x0000000085b00000, 0x0000000085c00000, 0x0000000085c00000|100%| O|  |TAMS 0x0000000085c00000, 0x0000000085b00000| Untracked 
|  92|0x0000000085c00000, 0x0000000085d00000, 0x0000000085d00000|100%| O|  |TAMS 0x0000000085d00000, 0x0000000085c00000| Updating 
|  93|0x0000000085d00000, 0x0000000085e00000, 0x0000000085e00000|100%| O|  |TAMS 0x0000000085e00000, 0x0000000085d00000| Untracked 
|  94|0x0000000085e00000, 0x0000000085f00000, 0x0000000085f00000|100%| O|  |TAMS 0x0000000085f00000, 0x0000000085e00000| Untracked 
|  95|0x0000000085f00000, 0x0000000086000000, 0x0000000086000000|100%|HS|  |TAMS 0x0000000086000000, 0x0000000085f00000| Complete 
|  96|0x0000000086000000, 0x0000000086100000, 0x0000000086100000|100%|HS|  |TAMS 0x0000000086100000, 0x0000000086000000| Complete 
|  97|0x0000000086100000, 0x0000000086200000, 0x0000000086200000|100%|HC|  |TAMS 0x0000000086200000, 0x0000000086100000| Complete 
|  98|0x0000000086200000, 0x0000000086300000, 0x0000000086300000|100%|HC|  |TAMS 0x0000000086300000, 0x0000000086200000| Complete 
|  99|0x0000000086300000, 0x0000000086400000, 0x0000000086400000|100%| O|  |TAMS 0x0000000086400000, 0x0000000086300000| Untracked 
| 100|0x0000000086400000, 0x0000000086500000, 0x0000000086500000|100%| O|  |TAMS 0x0000000086500000, 0x0000000086400000| Untracked 
| 101|0x0000000086500000, 0x0000000086600000, 0x0000000086600000|100%| O|  |TAMS 0x0000000086600000, 0x0000000086500000| Untracked 
| 102|0x0000000086600000, 0x0000000086700000, 0x0000000086700000|100%| O|  |TAMS 0x0000000086700000, 0x0000000086600000| Untracked 
| 103|0x0000000086700000, 0x0000000086800000, 0x0000000086800000|100%| O|  |TAMS 0x0000000086800000, 0x0000000086700000| Untracked 
| 104|0x0000000086800000, 0x0000000086900000, 0x0000000086900000|100%| O|  |TAMS 0x0000000086900000, 0x0000000086800000| Untracked 
| 105|0x0000000086900000, 0x0000000086a00000, 0x0000000086a00000|100%| O|  |TAMS 0x0000000086a00000, 0x0000000086900000| Updating 
| 106|0x0000000086a00000, 0x0000000086b00000, 0x0000000086b00000|100%| O|  |TAMS 0x0000000086b00000, 0x0000000086a00000| Untracked 
| 107|0x0000000086b00000, 0x0000000086c00000, 0x0000000086c00000|100%| O|  |TAMS 0x0000000086c00000, 0x0000000086b00000| Untracked 
| 108|0x0000000086c00000, 0x0000000086d00000, 0x0000000086d00000|100%| O|  |TAMS 0x0000000086d00000, 0x0000000086c00000| Untracked 
| 109|0x0000000086d00000, 0x0000000086e00000, 0x0000000086e00000|100%| O|  |TAMS 0x0000000086e00000, 0x0000000086d00000| Untracked 
| 110|0x0000000086e00000, 0x0000000086f00000, 0x0000000086f00000|100%| O|  |TAMS 0x0000000086f00000, 0x0000000086e00000| Untracked 
| 111|0x0000000086f00000, 0x0000000087000000, 0x0000000087000000|100%| O|  |TAMS 0x0000000087000000, 0x0000000086f00000| Updating 
| 112|0x0000000087000000, 0x0000000087100000, 0x0000000087100000|100%| O|  |TAMS 0x0000000087100000, 0x0000000087000000| Updating 
| 113|0x0000000087100000, 0x0000000087200000, 0x0000000087200000|100%| O|  |TAMS 0x0000000087200000, 0x0000000087100000| Untracked 
| 114|0x0000000087200000, 0x0000000087300000, 0x0000000087300000|100%| O|  |TAMS 0x0000000087300000, 0x0000000087200000| Untracked 
| 115|0x0000000087300000, 0x0000000087400000, 0x0000000087400000|100%| O|  |TAMS 0x0000000087400000, 0x0000000087300000| Untracked 
| 116|0x0000000087400000, 0x0000000087500000, 0x0000000087500000|100%| O|  |TAMS 0x0000000087500000, 0x0000000087400000| Untracked 
| 117|0x0000000087500000, 0x0000000087600000, 0x0000000087600000|100%| O|  |TAMS 0x0000000087600000, 0x0000000087500000| Untracked 
| 118|0x0000000087600000, 0x0000000087700000, 0x0000000087700000|100%| O|  |TAMS 0x0000000087700000, 0x0000000087600000| Untracked 
| 119|0x0000000087700000, 0x0000000087800000, 0x0000000087800000|100%| O|  |TAMS 0x0000000087800000, 0x0000000087700000| Untracked 
| 120|0x0000000087800000, 0x0000000087900000, 0x0000000087900000|100%| O|  |TAMS 0x0000000087900000, 0x0000000087800000| Untracked 
| 121|0x0000000087900000, 0x0000000087a00000, 0x0000000087a00000|100%| O|  |TAMS 0x0000000087a00000, 0x0000000087900000| Untracked 
| 122|0x0000000087a00000, 0x0000000087b00000, 0x0000000087b00000|100%| O|  |TAMS 0x0000000087b00000, 0x0000000087a00000| Untracked 
| 123|0x0000000087b00000, 0x0000000087c00000, 0x0000000087c00000|100%| O|  |TAMS 0x0000000087c00000, 0x0000000087b00000| Untracked 
| 124|0x0000000087c00000, 0x0000000087d00000, 0x0000000087d00000|100%| O|  |TAMS 0x0000000087d00000, 0x0000000087c00000| Updating 
| 125|0x0000000087d00000, 0x0000000087e00000, 0x0000000087e00000|100%| O|  |TAMS 0x0000000087e00000, 0x0000000087d00000| Untracked 
| 126|0x0000000087e00000, 0x0000000087f00000, 0x0000000087f00000|100%| O|  |TAMS 0x0000000087f00000, 0x0000000087e00000| Untracked 
| 127|0x0000000087f00000, 0x0000000088000000, 0x0000000088000000|100%| O|  |TAMS 0x0000000088000000, 0x0000000087f00000| Untracked 
| 128|0x0000000088000000, 0x0000000088100000, 0x0000000088100000|100%| O|  |TAMS 0x0000000088100000, 0x0000000088000000| Untracked 
| 129|0x0000000088100000, 0x0000000088200000, 0x0000000088200000|100%| O|  |TAMS 0x0000000088200000, 0x0000000088100000| Untracked 
| 130|0x0000000088200000, 0x0000000088300000, 0x0000000088300000|100%| O|  |TAMS 0x0000000088300000, 0x0000000088200000| Untracked 
| 131|0x0000000088300000, 0x0000000088400000, 0x0000000088400000|100%| O|  |TAMS 0x0000000088400000, 0x0000000088300000| Untracked 
| 132|0x0000000088400000, 0x0000000088500000, 0x0000000088500000|100%| O|  |TAMS 0x0000000088500000, 0x0000000088400000| Untracked 
| 133|0x0000000088500000, 0x0000000088600000, 0x0000000088600000|100%| O|  |TAMS 0x0000000088600000, 0x0000000088500000| Untracked 
| 134|0x0000000088600000, 0x0000000088700000, 0x0000000088700000|100%| O|  |TAMS 0x0000000088700000, 0x0000000088600000| Untracked 
| 135|0x0000000088700000, 0x0000000088800000, 0x0000000088800000|100%| O|  |TAMS 0x0000000088800000, 0x0000000088700000| Updating 
| 136|0x0000000088800000, 0x0000000088900000, 0x0000000088900000|100%|HS|  |TAMS 0x0000000088900000, 0x0000000088800000| Complete 
| 137|0x0000000088900000, 0x0000000088a00000, 0x0000000088a00000|100%|HS|  |TAMS 0x0000000088a00000, 0x0000000088900000| Complete 
| 138|0x0000000088a00000, 0x0000000088b00000, 0x0000000088b00000|100%|HS|  |TAMS 0x0000000088b00000, 0x0000000088a00000| Complete 
| 139|0x0000000088b00000, 0x0000000088c00000, 0x0000000088c00000|100%| O|  |TAMS 0x0000000088c00000, 0x0000000088b00000| Untracked 
| 140|0x0000000088c00000, 0x0000000088d00000, 0x0000000088d00000|100%| O|  |TAMS 0x0000000088d00000, 0x0000000088c00000| Untracked 
| 141|0x0000000088d00000, 0x0000000088e00000, 0x0000000088e00000|100%| O|  |TAMS 0x0000000088e00000, 0x0000000088d00000| Updating 
| 142|0x0000000088e00000, 0x0000000088f00000, 0x0000000088f00000|100%| O|  |TAMS 0x0000000088f00000, 0x0000000088e00000| Untracked 
| 143|0x0000000088f00000, 0x0000000089000000, 0x0000000089000000|100%| O|  |TAMS 0x0000000089000000, 0x0000000088f00000| Untracked 
| 144|0x0000000089000000, 0x0000000089100000, 0x0000000089100000|100%| O|  |TAMS 0x0000000089100000, 0x0000000089000000| Updating 
| 145|0x0000000089100000, 0x0000000089200000, 0x0000000089200000|100%| O|  |TAMS 0x0000000089200000, 0x0000000089100000| Untracked 
| 146|0x0000000089200000, 0x0000000089300000, 0x0000000089300000|100%| O|  |TAMS 0x0000000089300000, 0x0000000089200000| Updating 
| 147|0x0000000089300000, 0x0000000089400000, 0x0000000089400000|100%| O|  |TAMS 0x0000000089400000, 0x0000000089300000| Untracked 
| 148|0x0000000089400000, 0x0000000089500000, 0x0000000089500000|100%| O|  |TAMS 0x0000000089500000, 0x0000000089400000| Untracked 
| 149|0x0000000089500000, 0x0000000089600000, 0x0000000089600000|100%| O|  |TAMS 0x0000000089600000, 0x0000000089500000| Untracked 
| 150|0x0000000089600000, 0x0000000089700000, 0x0000000089700000|100%| O|  |TAMS 0x0000000089700000, 0x0000000089600000| Updating 
| 151|0x0000000089700000, 0x0000000089800000, 0x0000000089800000|100%| O|  |TAMS 0x0000000089800000, 0x0000000089700000| Updating 
| 152|0x0000000089800000, 0x0000000089900000, 0x0000000089900000|100%| O|  |TAMS 0x0000000089900000, 0x0000000089800000| Untracked 
| 153|0x0000000089900000, 0x0000000089a00000, 0x0000000089a00000|100%| O|  |TAMS 0x0000000089a00000, 0x0000000089900000| Updating 
| 154|0x0000000089a00000, 0x0000000089b00000, 0x0000000089b00000|100%| O|  |TAMS 0x0000000089b00000, 0x0000000089a00000| Untracked 
| 155|0x0000000089b00000, 0x0000000089c00000, 0x0000000089c00000|100%|HS|  |TAMS 0x0000000089c00000, 0x0000000089b00000| Complete 
| 156|0x0000000089c00000, 0x0000000089d00000, 0x0000000089d00000|100%|HS|  |TAMS 0x0000000089d00000, 0x0000000089c00000| Complete 
| 157|0x0000000089d00000, 0x0000000089e00000, 0x0000000089e00000|100%|HS|  |TAMS 0x0000000089e00000, 0x0000000089d00000| Complete 
| 158|0x0000000089e00000, 0x0000000089f00000, 0x0000000089f00000|100%|HC|  |TAMS 0x0000000089f00000, 0x0000000089e00000| Complete 
| 159|0x0000000089f00000, 0x000000008a000000, 0x000000008a000000|100%| O|  |TAMS 0x000000008a000000, 0x0000000089f00000| Updating 
| 160|0x000000008a000000, 0x000000008a100000, 0x000000008a100000|100%| O|  |TAMS 0x000000008a100000, 0x000000008a000000| Updating 
| 161|0x000000008a100000, 0x000000008a200000, 0x000000008a200000|100%| O|  |TAMS 0x000000008a200000, 0x000000008a100000| Updating 
| 162|0x000000008a200000, 0x000000008a300000, 0x000000008a300000|100%| O|  |TAMS 0x000000008a300000, 0x000000008a200000| Updating 
| 163|0x000000008a300000, 0x000000008a400000, 0x000000008a400000|100%| O|  |TAMS 0x000000008a400000, 0x000000008a300000| Updating 
| 164|0x000000008a400000, 0x000000008a500000, 0x000000008a500000|100%| O|  |TAMS 0x000000008a500000, 0x000000008a400000| Updating 
| 165|0x000000008a500000, 0x000000008a600000, 0x000000008a600000|100%| O|  |TAMS 0x000000008a600000, 0x000000008a500000| Untracked 
| 166|0x000000008a600000, 0x000000008a700000, 0x000000008a700000|100%| O|  |TAMS 0x000000008a700000, 0x000000008a600000| Untracked 
| 167|0x000000008a700000, 0x000000008a800000, 0x000000008a800000|100%| O|  |TAMS 0x000000008a800000, 0x000000008a700000| Untracked 
| 168|0x000000008a800000, 0x000000008a900000, 0x000000008a900000|100%| O|  |TAMS 0x000000008a900000, 0x000000008a800000| Untracked 
| 169|0x000000008a900000, 0x000000008aa00000, 0x000000008aa00000|100%| O|  |TAMS 0x000000008aa00000, 0x000000008a900000| Untracked 
| 170|0x000000008aa00000, 0x000000008ab00000, 0x000000008ab00000|100%| O|  |TAMS 0x000000008ab00000, 0x000000008aa00000| Updating 
| 171|0x000000008ab00000, 0x000000008ac00000, 0x000000008ac00000|100%| O|  |TAMS 0x000000008ac00000, 0x000000008ab00000| Untracked 
| 172|0x000000008ac00000, 0x000000008ad00000, 0x000000008ad00000|100%| O|  |TAMS 0x000000008ad00000, 0x000000008ac00000| Updating 
| 173|0x000000008ad00000, 0x000000008ae00000, 0x000000008ae00000|100%| O|  |TAMS 0x000000008ae00000, 0x000000008ad00000| Updating 
| 174|0x000000008ae00000, 0x000000008af00000, 0x000000008af00000|100%| O|  |TAMS 0x000000008af00000, 0x000000008ae00000| Untracked 
| 175|0x000000008af00000, 0x000000008b000000, 0x000000008b000000|100%|HS|  |TAMS 0x000000008b000000, 0x000000008af00000| Complete 
| 176|0x000000008b000000, 0x000000008b100000, 0x000000008b100000|100%|HS|  |TAMS 0x000000008b100000, 0x000000008b000000| Complete 
| 177|0x000000008b100000, 0x000000008b200000, 0x000000008b200000|100%|HS|  |TAMS 0x000000008b200000, 0x000000008b100000| Complete 
| 178|0x000000008b200000, 0x000000008b300000, 0x000000008b300000|100%| O|  |TAMS 0x000000008b300000, 0x000000008b200000| Untracked 
| 179|0x000000008b300000, 0x000000008b400000, 0x000000008b400000|100%|HS|  |TAMS 0x000000008b400000, 0x000000008b300000| Complete 
| 180|0x000000008b400000, 0x000000008b500000, 0x000000008b500000|100%|HC|  |TAMS 0x000000008b500000, 0x000000008b400000| Complete 
| 181|0x000000008b500000, 0x000000008b600000, 0x000000008b600000|100%|HC|  |TAMS 0x000000008b600000, 0x000000008b500000| Complete 
| 182|0x000000008b600000, 0x000000008b600000, 0x000000008b700000|  0%| F|  |TAMS 0x000000008b600000, 0x000000008b600000| Untracked 
| 183|0x000000008b700000, 0x000000008b800000, 0x000000008b800000|100%| O|  |TAMS 0x000000008b800000, 0x000000008b700000| Updating 
| 184|0x000000008b800000, 0x000000008b900000, 0x000000008b900000|100%|HS|  |TAMS 0x000000008b900000, 0x000000008b800000| Complete 
| 185|0x000000008b900000, 0x000000008ba00000, 0x000000008ba00000|100%| O|  |TAMS 0x000000008ba00000, 0x000000008b900000| Untracked 
| 186|0x000000008ba00000, 0x000000008bb00000, 0x000000008bb00000|100%| O|  |TAMS 0x000000008bb00000, 0x000000008ba00000| Updating 
| 187|0x000000008bb00000, 0x000000008bc00000, 0x000000008bc00000|100%| O|  |TAMS 0x000000008bc00000, 0x000000008bb00000| Untracked 
| 188|0x000000008bc00000, 0x000000008bd00000, 0x000000008bd00000|100%| O|  |TAMS 0x000000008bd00000, 0x000000008bc00000| Untracked 
| 189|0x000000008bd00000, 0x000000008be00000, 0x000000008be00000|100%| O|  |TAMS 0x000000008be00000, 0x000000008bd00000| Untracked 
| 190|0x000000008be00000, 0x000000008bf00000, 0x000000008bf00000|100%| O|  |TAMS 0x000000008bf00000, 0x000000008be00000| Updating 
| 191|0x000000008bf00000, 0x000000008c000000, 0x000000008c000000|100%| O|  |TAMS 0x000000008c000000, 0x000000008bf00000| Untracked 
| 192|0x000000008c000000, 0x000000008c100000, 0x000000008c100000|100%| O|  |TAMS 0x000000008c100000, 0x000000008c000000| Untracked 
| 193|0x000000008c100000, 0x000000008c200000, 0x000000008c200000|100%| O|  |TAMS 0x000000008c200000, 0x000000008c100000| Untracked 
| 194|0x000000008c200000, 0x000000008c300000, 0x000000008c300000|100%| O|  |TAMS 0x000000008c300000, 0x000000008c200000| Untracked 
| 195|0x000000008c300000, 0x000000008c400000, 0x000000008c400000|100%| O|  |TAMS 0x000000008c400000, 0x000000008c300000| Untracked 
| 196|0x000000008c400000, 0x000000008c500000, 0x000000008c500000|100%| O|  |TAMS 0x000000008c500000, 0x000000008c400000| Untracked 
| 197|0x000000008c500000, 0x000000008c600000, 0x000000008c600000|100%| O|  |TAMS 0x000000008c600000, 0x000000008c500000| Untracked 
| 198|0x000000008c600000, 0x000000008c700000, 0x000000008c700000|100%| O|  |TAMS 0x000000008c700000, 0x000000008c600000| Untracked 
| 199|0x000000008c700000, 0x000000008c800000, 0x000000008c800000|100%| O|  |TAMS 0x000000008c800000, 0x000000008c700000| Untracked 
| 200|0x000000008c800000, 0x000000008c900000, 0x000000008c900000|100%| O|  |TAMS 0x000000008c900000, 0x000000008c800000| Updating 
| 201|0x000000008c900000, 0x000000008ca00000, 0x000000008ca00000|100%| O|  |TAMS 0x000000008ca00000, 0x000000008c900000| Untracked 
| 202|0x000000008ca00000, 0x000000008cb00000, 0x000000008cb00000|100%| O|  |TAMS 0x000000008cb00000, 0x000000008ca00000| Untracked 
| 203|0x000000008cb00000, 0x000000008cc00000, 0x000000008cc00000|100%| O|  |TAMS 0x000000008cc00000, 0x000000008cb00000| Updating 
| 204|0x000000008cc00000, 0x000000008cd00000, 0x000000008cd00000|100%| O|  |TAMS 0x000000008cd00000, 0x000000008cc00000| Untracked 
| 205|0x000000008cd00000, 0x000000008ce00000, 0x000000008ce00000|100%| O|  |TAMS 0x000000008ce00000, 0x000000008cd00000| Untracked 
| 206|0x000000008ce00000, 0x000000008cf00000, 0x000000008cf00000|100%| O|  |TAMS 0x000000008cf00000, 0x000000008ce00000| Untracked 
| 207|0x000000008cf00000, 0x000000008d000000, 0x000000008d000000|100%| O|  |TAMS 0x000000008d000000, 0x000000008cf00000| Updating 
| 208|0x000000008d000000, 0x000000008d100000, 0x000000008d100000|100%| O|  |TAMS 0x000000008d100000, 0x000000008d000000| Untracked 
| 209|0x000000008d100000, 0x000000008d200000, 0x000000008d200000|100%| O|  |TAMS 0x000000008d200000, 0x000000008d100000| Untracked 
| 210|0x000000008d200000, 0x000000008d300000, 0x000000008d300000|100%| O|  |TAMS 0x000000008d300000, 0x000000008d200000| Untracked 
| 211|0x000000008d300000, 0x000000008d400000, 0x000000008d400000|100%| O|  |TAMS 0x000000008d400000, 0x000000008d300000| Untracked 
| 212|0x000000008d400000, 0x000000008d500000, 0x000000008d500000|100%| O|  |TAMS 0x000000008d500000, 0x000000008d400000| Untracked 
| 213|0x000000008d500000, 0x000000008d600000, 0x000000008d600000|100%| O|  |TAMS 0x000000008d600000, 0x000000008d500000| Untracked 
| 214|0x000000008d600000, 0x000000008d700000, 0x000000008d700000|100%| O|  |TAMS 0x000000008d700000, 0x000000008d600000| Updating 
| 215|0x000000008d700000, 0x000000008d800000, 0x000000008d800000|100%| O|  |TAMS 0x000000008d800000, 0x000000008d700000| Updating 
| 216|0x000000008d800000, 0x000000008d900000, 0x000000008d900000|100%| O|  |TAMS 0x000000008d900000, 0x000000008d800000| Updating 
| 217|0x000000008d900000, 0x000000008da00000, 0x000000008da00000|100%| O|  |TAMS 0x000000008da00000, 0x000000008d900000| Updating 
| 218|0x000000008da00000, 0x000000008db00000, 0x000000008db00000|100%| O|  |TAMS 0x000000008db00000, 0x000000008da00000| Updating 
| 219|0x000000008db00000, 0x000000008dc00000, 0x000000008dc00000|100%|HS|  |TAMS 0x000000008dc00000, 0x000000008db00000| Complete 
| 220|0x000000008dc00000, 0x000000008dd00000, 0x000000008dd00000|100%|HS|  |TAMS 0x000000008dd00000, 0x000000008dc00000| Complete 
| 221|0x000000008dd00000, 0x000000008de00000, 0x000000008de00000|100%| O|  |TAMS 0x000000008de00000, 0x000000008dd00000| Untracked 
| 222|0x000000008de00000, 0x000000008df00000, 0x000000008df00000|100%|HS|  |TAMS 0x000000008df00000, 0x000000008de00000| Complete 
| 223|0x000000008df00000, 0x000000008e000000, 0x000000008e000000|100%| O|  |TAMS 0x000000008e000000, 0x000000008df00000| Untracked 
| 224|0x000000008e000000, 0x000000008e100000, 0x000000008e100000|100%| O|  |TAMS 0x000000008e100000, 0x000000008e000000| Untracked 
| 225|0x000000008e100000, 0x000000008e200000, 0x000000008e200000|100%| O|  |TAMS 0x000000008e200000, 0x000000008e100000| Untracked 
| 226|0x000000008e200000, 0x000000008e300000, 0x000000008e300000|100%| O|  |TAMS 0x000000008e300000, 0x000000008e200000| Updating 
| 227|0x000000008e300000, 0x000000008e400000, 0x000000008e400000|100%| O|  |TAMS 0x000000008e400000, 0x000000008e300000| Untracked 
| 228|0x000000008e400000, 0x000000008e500000, 0x000000008e500000|100%| O|  |TAMS 0x000000008e500000, 0x000000008e400000| Updating 
| 229|0x000000008e500000, 0x000000008e600000, 0x000000008e600000|100%|HS|  |TAMS 0x000000008e600000, 0x000000008e500000| Complete 
| 230|0x000000008e600000, 0x000000008e700000, 0x000000008e700000|100%| O|  |TAMS 0x000000008e700000, 0x000000008e600000| Untracked 
| 231|0x000000008e700000, 0x000000008e800000, 0x000000008e800000|100%| O|  |TAMS 0x000000008e800000, 0x000000008e700000| Updating 
| 232|0x000000008e800000, 0x000000008e900000, 0x000000008e900000|100%| O|  |TAMS 0x000000008e900000, 0x000000008e800000| Untracked 
| 233|0x000000008e900000, 0x000000008ea00000, 0x000000008ea00000|100%| O|  |TAMS 0x000000008ea00000, 0x000000008e900000| Untracked 
| 234|0x000000008ea00000, 0x000000008eb00000, 0x000000008eb00000|100%| O|  |TAMS 0x000000008eb00000, 0x000000008ea00000| Untracked 
| 235|0x000000008eb00000, 0x000000008ec00000, 0x000000008ec00000|100%| O|  |TAMS 0x000000008ec00000, 0x000000008eb00000| Untracked 
| 236|0x000000008ec00000, 0x000000008ed00000, 0x000000008ed00000|100%| O|  |TAMS 0x000000008ed00000, 0x000000008ec00000| Untracked 
| 237|0x000000008ed00000, 0x000000008ee00000, 0x000000008ee00000|100%| O|  |TAMS 0x000000008ee00000, 0x000000008ed00000| Untracked 
| 238|0x000000008ee00000, 0x000000008ef00000, 0x000000008ef00000|100%| O|  |TAMS 0x000000008ef00000, 0x000000008ee00000| Untracked 
| 239|0x000000008ef00000, 0x000000008f000000, 0x000000008f000000|100%| O|  |TAMS 0x000000008f000000, 0x000000008ef00000| Updating 
| 240|0x000000008f000000, 0x000000008f100000, 0x000000008f100000|100%|HS|  |TAMS 0x000000008f100000, 0x000000008f000000| Complete 
| 241|0x000000008f100000, 0x000000008f200000, 0x000000008f200000|100%|HS|  |TAMS 0x000000008f200000, 0x000000008f100000| Complete 
| 242|0x000000008f200000, 0x000000008f300000, 0x000000008f300000|100%| O|  |TAMS 0x000000008f300000, 0x000000008f200000| Updating 
| 243|0x000000008f300000, 0x000000008f400000, 0x000000008f400000|100%| O|  |TAMS 0x000000008f400000, 0x000000008f300000| Updating 
| 244|0x000000008f400000, 0x000000008f500000, 0x000000008f500000|100%| O|  |TAMS 0x000000008f500000, 0x000000008f400000| Untracked 
| 245|0x000000008f500000, 0x000000008f600000, 0x000000008f600000|100%| O|  |TAMS 0x000000008f600000, 0x000000008f500000| Untracked 
| 246|0x000000008f600000, 0x000000008f700000, 0x000000008f700000|100%| O|  |TAMS 0x000000008f700000, 0x000000008f600000| Updating 
| 247|0x000000008f700000, 0x000000008f800000, 0x000000008f800000|100%| O|  |TAMS 0x000000008f800000, 0x000000008f700000| Untracked 
| 248|0x000000008f800000, 0x000000008f900000, 0x000000008f900000|100%| O|  |TAMS 0x000000008f900000, 0x000000008f800000| Untracked 
| 249|0x000000008f900000, 0x000000008fa00000, 0x000000008fa00000|100%| O|  |TAMS 0x000000008fa00000, 0x000000008f900000| Untracked 
| 250|0x000000008fa00000, 0x000000008fb00000, 0x000000008fb00000|100%| O|  |TAMS 0x000000008fb00000, 0x000000008fa00000| Updating 
| 251|0x000000008fb00000, 0x000000008fc00000, 0x000000008fc00000|100%| O|  |TAMS 0x000000008fc00000, 0x000000008fb00000| Untracked 
| 252|0x000000008fc00000, 0x000000008fd00000, 0x000000008fd00000|100%| O|  |TAMS 0x000000008fd00000, 0x000000008fc00000| Untracked 
| 253|0x000000008fd00000, 0x000000008fe00000, 0x000000008fe00000|100%| O|  |TAMS 0x000000008fe00000, 0x000000008fd00000| Untracked 
| 254|0x000000008fe00000, 0x000000008ff00000, 0x000000008ff00000|100%| O|  |TAMS 0x000000008ff00000, 0x000000008fe00000| Untracked 
| 255|0x000000008ff00000, 0x0000000090000000, 0x0000000090000000|100%| O|  |TAMS 0x0000000090000000, 0x000000008ff00000| Untracked 
| 256|0x0000000090000000, 0x0000000090100000, 0x0000000090100000|100%| O|  |TAMS 0x0000000090100000, 0x0000000090000000| Updating 
| 257|0x0000000090100000, 0x0000000090200000, 0x0000000090200000|100%| O|  |TAMS 0x0000000090200000, 0x0000000090100000| Untracked 
| 258|0x0000000090200000, 0x0000000090300000, 0x0000000090300000|100%| O|  |TAMS 0x0000000090300000, 0x0000000090200000| Untracked 
| 259|0x0000000090300000, 0x0000000090400000, 0x0000000090400000|100%| O|  |TAMS 0x0000000090400000, 0x0000000090300000| Untracked 
| 260|0x0000000090400000, 0x0000000090500000, 0x0000000090500000|100%| O|  |TAMS 0x0000000090500000, 0x0000000090400000| Untracked 
| 261|0x0000000090500000, 0x0000000090600000, 0x0000000090600000|100%| O|  |TAMS 0x0000000090600000, 0x0000000090500000| Untracked 
| 262|0x0000000090600000, 0x0000000090700000, 0x0000000090700000|100%| O|  |TAMS 0x0000000090700000, 0x0000000090600000| Untracked 
| 263|0x0000000090700000, 0x0000000090800000, 0x0000000090800000|100%| O|  |TAMS 0x0000000090800000, 0x0000000090700000| Untracked 
| 264|0x0000000090800000, 0x0000000090900000, 0x0000000090900000|100%| O|  |TAMS 0x0000000090900000, 0x0000000090800000| Untracked 
| 265|0x0000000090900000, 0x0000000090a00000, 0x0000000090a00000|100%| O|  |TAMS 0x0000000090a00000, 0x0000000090900000| Updating 
| 266|0x0000000090a00000, 0x0000000090b00000, 0x0000000090b00000|100%| O|  |TAMS 0x0000000090b00000, 0x0000000090a00000| Untracked 
| 267|0x0000000090b00000, 0x0000000090c00000, 0x0000000090c00000|100%| O|  |TAMS 0x0000000090c00000, 0x0000000090b00000| Untracked 
| 268|0x0000000090c00000, 0x0000000090d00000, 0x0000000090d00000|100%| O|  |TAMS 0x0000000090d00000, 0x0000000090c00000| Untracked 
| 269|0x0000000090d00000, 0x0000000090e00000, 0x0000000090e00000|100%| O|  |TAMS 0x0000000090e00000, 0x0000000090d00000| Untracked 
| 270|0x0000000090e00000, 0x0000000090f00000, 0x0000000090f00000|100%| O|  |TAMS 0x0000000090f00000, 0x0000000090e00000| Untracked 
| 271|0x0000000090f00000, 0x0000000091000000, 0x0000000091000000|100%| O|  |TAMS 0x0000000091000000, 0x0000000090f00000| Untracked 
| 272|0x0000000091000000, 0x0000000091100000, 0x0000000091100000|100%| O|  |TAMS 0x0000000091100000, 0x0000000091000000| Updating 
| 273|0x0000000091100000, 0x0000000091200000, 0x0000000091200000|100%| O|  |TAMS 0x0000000091200000, 0x0000000091100000| Updating 
| 274|0x0000000091200000, 0x0000000091300000, 0x0000000091300000|100%| O|  |TAMS 0x0000000091300000, 0x0000000091200000| Updating 
| 275|0x0000000091300000, 0x0000000091400000, 0x0000000091400000|100%| O|  |TAMS 0x0000000091400000, 0x0000000091300000| Updating 
| 276|0x0000000091400000, 0x0000000091500000, 0x0000000091500000|100%| O|  |TAMS 0x0000000091500000, 0x0000000091400000| Updating 
| 277|0x0000000091500000, 0x0000000091600000, 0x0000000091600000|100%| O|  |TAMS 0x0000000091600000, 0x0000000091500000| Updating 
| 278|0x0000000091600000, 0x0000000091700000, 0x0000000091700000|100%| O|  |TAMS 0x0000000091700000, 0x0000000091600000| Untracked 
| 279|0x0000000091700000, 0x0000000091800000, 0x0000000091800000|100%| O|  |TAMS 0x0000000091800000, 0x0000000091700000| Updating 
| 280|0x0000000091800000, 0x0000000091900000, 0x0000000091900000|100%| O|  |TAMS 0x0000000091900000, 0x0000000091800000| Updating 
| 281|0x0000000091900000, 0x0000000091a00000, 0x0000000091a00000|100%| O|  |TAMS 0x0000000091a00000, 0x0000000091900000| Updating 
| 282|0x0000000091a00000, 0x0000000091b00000, 0x0000000091b00000|100%| O|  |TAMS 0x0000000091b00000, 0x0000000091a00000| Untracked 
| 283|0x0000000091b00000, 0x0000000091c00000, 0x0000000091c00000|100%| O|  |TAMS 0x0000000091c00000, 0x0000000091b00000| Untracked 
| 284|0x0000000091c00000, 0x0000000091d00000, 0x0000000091d00000|100%| O|  |TAMS 0x0000000091d00000, 0x0000000091c00000| Updating 
| 285|0x0000000091d00000, 0x0000000091e00000, 0x0000000091e00000|100%| O|  |TAMS 0x0000000091e00000, 0x0000000091d00000| Updating 
| 286|0x0000000091e00000, 0x0000000091f00000, 0x0000000091f00000|100%| O|  |TAMS 0x0000000091f00000, 0x0000000091e00000| Untracked 
| 287|0x0000000091f00000, 0x0000000092000000, 0x0000000092000000|100%| O|  |TAMS 0x0000000092000000, 0x0000000091f00000| Updating 
| 288|0x0000000092000000, 0x0000000092100000, 0x0000000092100000|100%| O|  |TAMS 0x0000000092100000, 0x0000000092000000| Updating 
| 289|0x0000000092100000, 0x0000000092200000, 0x0000000092200000|100%| O|  |TAMS 0x0000000092200000, 0x0000000092100000| Updating 
| 290|0x0000000092200000, 0x0000000092300000, 0x0000000092300000|100%| O|  |TAMS 0x0000000092300000, 0x0000000092200000| Updating 
| 291|0x0000000092300000, 0x0000000092400000, 0x0000000092400000|100%| O|  |TAMS 0x0000000092400000, 0x0000000092300000| Updating 
| 292|0x0000000092400000, 0x0000000092500000, 0x0000000092500000|100%| O|  |TAMS 0x0000000092500000, 0x0000000092400000| Updating 
| 293|0x0000000092500000, 0x0000000092600000, 0x0000000092600000|100%| O|  |TAMS 0x0000000092600000, 0x0000000092500000| Updating 
| 294|0x0000000092600000, 0x0000000092700000, 0x0000000092700000|100%| O|  |TAMS 0x0000000092700000, 0x0000000092600000| Updating 
| 295|0x0000000092700000, 0x0000000092800000, 0x0000000092800000|100%| O|  |TAMS 0x0000000092800000, 0x0000000092700000| Untracked 
| 296|0x0000000092800000, 0x0000000092900000, 0x0000000092900000|100%| O|  |TAMS 0x0000000092900000, 0x0000000092800000| Updating 
| 297|0x0000000092900000, 0x0000000092a00000, 0x0000000092a00000|100%| O|  |TAMS 0x0000000092a00000, 0x0000000092900000| Untracked 
| 298|0x0000000092a00000, 0x0000000092b00000, 0x0000000092b00000|100%|HS|  |TAMS 0x0000000092b00000, 0x0000000092a00000| Complete 
| 299|0x0000000092b00000, 0x0000000092c00000, 0x0000000092c00000|100%| O|  |TAMS 0x0000000092c00000, 0x0000000092b00000| Untracked 
| 300|0x0000000092c00000, 0x0000000092d00000, 0x0000000092d00000|100%| O|  |TAMS 0x0000000092d00000, 0x0000000092c00000| Untracked 
| 301|0x0000000092d00000, 0x0000000092e00000, 0x0000000092e00000|100%| O|  |TAMS 0x0000000092e00000, 0x0000000092d00000| Untracked 
| 302|0x0000000092e00000, 0x0000000092f00000, 0x0000000092f00000|100%| O|  |TAMS 0x0000000092f00000, 0x0000000092e00000| Untracked 
| 303|0x0000000092f00000, 0x0000000093000000, 0x0000000093000000|100%| O|  |TAMS 0x0000000093000000, 0x0000000092f00000| Untracked 
| 304|0x0000000093000000, 0x0000000093100000, 0x0000000093100000|100%| O|  |TAMS 0x0000000093100000, 0x0000000093000000| Untracked 
| 305|0x0000000093100000, 0x0000000093200000, 0x0000000093200000|100%| O|  |TAMS 0x0000000093200000, 0x0000000093100000| Untracked 
| 306|0x0000000093200000, 0x0000000093300000, 0x0000000093300000|100%| O|  |TAMS 0x0000000093300000, 0x0000000093200000| Untracked 
| 307|0x0000000093300000, 0x0000000093400000, 0x0000000093400000|100%| O|  |TAMS 0x0000000093400000, 0x0000000093300000| Updating 
| 308|0x0000000093400000, 0x0000000093500000, 0x0000000093500000|100%| O|  |TAMS 0x0000000093500000, 0x0000000093400000| Untracked 
| 309|0x0000000093500000, 0x0000000093600000, 0x0000000093600000|100%| O|  |TAMS 0x0000000093600000, 0x0000000093500000| Untracked 
| 310|0x0000000093600000, 0x0000000093700000, 0x0000000093700000|100%| O|  |TAMS 0x0000000093700000, 0x0000000093600000| Untracked 
| 311|0x0000000093700000, 0x0000000093800000, 0x0000000093800000|100%| O|  |TAMS 0x0000000093800000, 0x0000000093700000| Updating 
| 312|0x0000000093800000, 0x0000000093900000, 0x0000000093900000|100%| O|  |TAMS 0x0000000093900000, 0x0000000093800000| Updating 
| 313|0x0000000093900000, 0x0000000093a00000, 0x0000000093a00000|100%| O|  |TAMS 0x0000000093a00000, 0x0000000093900000| Updating 
| 314|0x0000000093a00000, 0x0000000093b00000, 0x0000000093b00000|100%| O|  |TAMS 0x0000000093b00000, 0x0000000093a00000| Updating 
| 315|0x0000000093b00000, 0x0000000093c00000, 0x0000000093c00000|100%| O|  |TAMS 0x0000000093c00000, 0x0000000093b00000| Updating 
| 316|0x0000000093c00000, 0x0000000093d00000, 0x0000000093d00000|100%|HS|  |TAMS 0x0000000093d00000, 0x0000000093c00000| Complete 
| 317|0x0000000093d00000, 0x0000000093e00000, 0x0000000093e00000|100%|HC|  |TAMS 0x0000000093e00000, 0x0000000093d00000| Complete 
| 318|0x0000000093e00000, 0x0000000093f00000, 0x0000000093f00000|100%| O|  |TAMS 0x0000000093f00000, 0x0000000093e00000| Updating 
| 319|0x0000000093f00000, 0x0000000094000000, 0x0000000094000000|100%| O|  |TAMS 0x0000000094000000, 0x0000000093f00000| Untracked 
| 320|0x0000000094000000, 0x0000000094100000, 0x0000000094100000|100%| O|  |TAMS 0x0000000094100000, 0x0000000094000000| Updating 
| 321|0x0000000094100000, 0x0000000094200000, 0x0000000094200000|100%| O|  |TAMS 0x0000000094200000, 0x0000000094100000| Untracked 
| 322|0x0000000094200000, 0x0000000094300000, 0x0000000094300000|100%| O|  |TAMS 0x0000000094300000, 0x0000000094200000| Untracked 
| 323|0x0000000094300000, 0x0000000094300000, 0x0000000094400000|  0%| F|  |TAMS 0x0000000094300000, 0x0000000094300000| Untracked 
| 324|0x0000000094400000, 0x0000000094500000, 0x0000000094500000|100%| O|  |TAMS 0x0000000094500000, 0x0000000094400000| Updating 
| 325|0x0000000094500000, 0x0000000094600000, 0x0000000094600000|100%| O|  |TAMS 0x0000000094600000, 0x0000000094500000| Updating 
| 326|0x0000000094600000, 0x0000000094700000, 0x0000000094700000|100%| O|  |TAMS 0x0000000094700000, 0x0000000094600000| Updating 
| 327|0x0000000094700000, 0x0000000094800000, 0x0000000094800000|100%| O|  |TAMS 0x0000000094800000, 0x0000000094700000| Untracked 
| 328|0x0000000094800000, 0x0000000094900000, 0x0000000094900000|100%| O|  |TAMS 0x0000000094900000, 0x0000000094800000| Untracked 
| 329|0x0000000094900000, 0x0000000094a00000, 0x0000000094a00000|100%| O|  |TAMS 0x0000000094a00000, 0x0000000094900000| Updating 
| 330|0x0000000094a00000, 0x0000000094b00000, 0x0000000094b00000|100%| O|  |TAMS 0x0000000094b00000, 0x0000000094a00000| Untracked 
| 331|0x0000000094b00000, 0x0000000094c00000, 0x0000000094c00000|100%| O|  |TAMS 0x0000000094c00000, 0x0000000094b00000| Untracked 
| 332|0x0000000094c00000, 0x0000000094d00000, 0x0000000094d00000|100%| O|  |TAMS 0x0000000094d00000, 0x0000000094c00000| Updating 
| 333|0x0000000094d00000, 0x0000000094e00000, 0x0000000094e00000|100%| O|  |TAMS 0x0000000094e00000, 0x0000000094d00000| Updating 
| 334|0x0000000094e00000, 0x0000000094f00000, 0x0000000094f00000|100%| O|  |TAMS 0x0000000094f00000, 0x0000000094e00000| Updating 
| 335|0x0000000094f00000, 0x0000000095000000, 0x0000000095000000|100%| O|  |TAMS 0x0000000095000000, 0x0000000094f00000| Updating 
| 336|0x0000000095000000, 0x0000000095100000, 0x0000000095100000|100%| O|  |TAMS 0x0000000095100000, 0x0000000095000000| Updating 
| 337|0x0000000095100000, 0x0000000095200000, 0x0000000095200000|100%| O|  |TAMS 0x0000000095200000, 0x0000000095100000| Updating 
| 338|0x0000000095200000, 0x0000000095300000, 0x0000000095300000|100%| O|  |TAMS 0x0000000095300000, 0x0000000095200000| Untracked 
| 339|0x0000000095300000, 0x0000000095400000, 0x0000000095400000|100%|HS|  |TAMS 0x0000000095400000, 0x0000000095300000| Complete 
| 340|0x0000000095400000, 0x0000000095500000, 0x0000000095500000|100%|HC|  |TAMS 0x0000000095500000, 0x0000000095400000| Complete 
| 341|0x0000000095500000, 0x0000000095500000, 0x0000000095600000|  0%| F|  |TAMS 0x0000000095500000, 0x0000000095500000| Untracked 
| 342|0x0000000095600000, 0x0000000095700000, 0x0000000095700000|100%| O|  |TAMS 0x0000000095700000, 0x0000000095600000| Untracked 
| 343|0x0000000095700000, 0x0000000095700000, 0x0000000095800000|  0%| F|  |TAMS 0x0000000095700000, 0x0000000095700000| Untracked 
| 344|0x0000000095800000, 0x0000000095900000, 0x0000000095900000|100%| O|  |TAMS 0x0000000095900000, 0x0000000095800000| Updating 
| 345|0x0000000095900000, 0x0000000095a00000, 0x0000000095a00000|100%| O|  |TAMS 0x0000000095a00000, 0x0000000095900000| Untracked 
| 346|0x0000000095a00000, 0x0000000095b00000, 0x0000000095b00000|100%| O|  |TAMS 0x0000000095b00000, 0x0000000095a00000| Updating 
| 347|0x0000000095b00000, 0x0000000095c00000, 0x0000000095c00000|100%| O|  |TAMS 0x0000000095c00000, 0x0000000095b00000| Updating 
| 348|0x0000000095c00000, 0x0000000095d00000, 0x0000000095d00000|100%| O|  |TAMS 0x0000000095d00000, 0x0000000095c00000| Updating 
| 349|0x0000000095d00000, 0x0000000095e00000, 0x0000000095e00000|100%| O|  |TAMS 0x0000000095e00000, 0x0000000095d00000| Updating 
| 350|0x0000000095e00000, 0x0000000095f00000, 0x0000000095f00000|100%| O|  |TAMS 0x0000000095f00000, 0x0000000095e00000| Updating 
| 351|0x0000000095f00000, 0x0000000096000000, 0x0000000096000000|100%| O|  |TAMS 0x0000000096000000, 0x0000000095f00000| Updating 
| 352|0x0000000096000000, 0x0000000096100000, 0x0000000096100000|100%| O|  |TAMS 0x0000000096100000, 0x0000000096000000| Updating 
| 353|0x0000000096100000, 0x0000000096200000, 0x0000000096200000|100%| O|  |TAMS 0x0000000096200000, 0x0000000096100000| Updating 
| 354|0x0000000096200000, 0x0000000096300000, 0x0000000096300000|100%| O|  |TAMS 0x0000000096300000, 0x0000000096200000| Updating 
| 355|0x0000000096300000, 0x0000000096400000, 0x0000000096400000|100%| O|  |TAMS 0x0000000096400000, 0x0000000096300000| Updating 
| 356|0x0000000096400000, 0x0000000096400000, 0x0000000096500000|  0%| F|  |TAMS 0x0000000096400000, 0x0000000096400000| Untracked 
| 357|0x0000000096500000, 0x0000000096600000, 0x0000000096600000|100%| O|  |TAMS 0x0000000096600000, 0x0000000096500000| Untracked 
| 358|0x0000000096600000, 0x0000000096700000, 0x0000000096700000|100%| O|  |TAMS 0x0000000096700000, 0x0000000096600000| Updating 
| 359|0x0000000096700000, 0x0000000096800000, 0x0000000096800000|100%| O|  |TAMS 0x0000000096800000, 0x0000000096700000| Untracked 
| 360|0x0000000096800000, 0x0000000096900000, 0x0000000096900000|100%| O|  |TAMS 0x0000000096900000, 0x0000000096800000| Untracked 
| 361|0x0000000096900000, 0x0000000096a00000, 0x0000000096a00000|100%|HS|  |TAMS 0x0000000096a00000, 0x0000000096900000| Complete 
| 362|0x0000000096a00000, 0x0000000096b00000, 0x0000000096b00000|100%|HC|  |TAMS 0x0000000096b00000, 0x0000000096a00000| Complete 
| 363|0x0000000096b00000, 0x0000000096c00000, 0x0000000096c00000|100%| O|  |TAMS 0x0000000096c00000, 0x0000000096b00000| Untracked 
| 364|0x0000000096c00000, 0x0000000096d00000, 0x0000000096d00000|100%| O|  |TAMS 0x0000000096d00000, 0x0000000096c00000| Untracked 
| 365|0x0000000096d00000, 0x0000000096e00000, 0x0000000096e00000|100%| O|  |TAMS 0x0000000096e00000, 0x0000000096d00000| Untracked 
| 366|0x0000000096e00000, 0x0000000096f00000, 0x0000000096f00000|100%| O|  |TAMS 0x0000000096f00000, 0x0000000096e00000| Untracked 
| 367|0x0000000096f00000, 0x0000000097000000, 0x0000000097000000|100%| O|  |TAMS 0x0000000097000000, 0x0000000096f00000| Untracked 
| 368|0x0000000097000000, 0x0000000097100000, 0x0000000097100000|100%| O|  |TAMS 0x0000000097100000, 0x0000000097000000| Updating 
| 369|0x0000000097100000, 0x0000000097200000, 0x0000000097200000|100%| O|  |TAMS 0x0000000097200000, 0x0000000097100000| Untracked 
| 370|0x0000000097200000, 0x0000000097300000, 0x0000000097300000|100%| O|  |TAMS 0x0000000097300000, 0x0000000097200000| Updating 
| 371|0x0000000097300000, 0x0000000097400000, 0x0000000097400000|100%| O|  |TAMS 0x0000000097400000, 0x0000000097300000| Updating 
| 372|0x0000000097400000, 0x0000000097500000, 0x0000000097500000|100%| O|  |TAMS 0x0000000097500000, 0x0000000097400000| Untracked 
| 373|0x0000000097500000, 0x0000000097600000, 0x0000000097600000|100%| O|  |TAMS 0x0000000097600000, 0x0000000097500000| Updating 
| 374|0x0000000097600000, 0x0000000097700000, 0x0000000097700000|100%| O|  |TAMS 0x0000000097700000, 0x0000000097600000| Updating 
| 375|0x0000000097700000, 0x0000000097800000, 0x0000000097800000|100%| O|  |TAMS 0x0000000097800000, 0x0000000097700000| Updating 
| 376|0x0000000097800000, 0x0000000097900000, 0x0000000097900000|100%| O|  |TAMS 0x0000000097900000, 0x0000000097800000| Updating 
| 377|0x0000000097900000, 0x0000000097a00000, 0x0000000097a00000|100%| O|  |TAMS 0x0000000097a00000, 0x0000000097900000| Updating 
| 378|0x0000000097a00000, 0x0000000097b00000, 0x0000000097b00000|100%| O|  |TAMS 0x0000000097b00000, 0x0000000097a00000| Updating 
| 379|0x0000000097b00000, 0x0000000097c00000, 0x0000000097c00000|100%| O|  |TAMS 0x0000000097c00000, 0x0000000097b00000| Updating 
| 380|0x0000000097c00000, 0x0000000097d00000, 0x0000000097d00000|100%| O|  |TAMS 0x0000000097d00000, 0x0000000097c00000| Untracked 
| 381|0x0000000097d00000, 0x0000000097e00000, 0x0000000097e00000|100%| O|  |TAMS 0x0000000097e00000, 0x0000000097d00000| Updating 
| 382|0x0000000097e00000, 0x0000000097f00000, 0x0000000097f00000|100%| O|  |TAMS 0x0000000097f00000, 0x0000000097e00000| Updating 
| 383|0x0000000097f00000, 0x0000000098000000, 0x0000000098000000|100%| O|  |TAMS 0x0000000098000000, 0x0000000097f00000| Updating 
| 384|0x0000000098000000, 0x0000000098100000, 0x0000000098100000|100%| O|  |TAMS 0x0000000098100000, 0x0000000098000000| Updating 
| 385|0x0000000098100000, 0x0000000098200000, 0x0000000098200000|100%| O|  |TAMS 0x0000000098200000, 0x0000000098100000| Untracked 
| 386|0x0000000098200000, 0x0000000098300000, 0x0000000098300000|100%| O|  |TAMS 0x0000000098300000, 0x0000000098200000| Untracked 
| 387|0x0000000098300000, 0x0000000098400000, 0x0000000098400000|100%| O|  |TAMS 0x0000000098400000, 0x0000000098300000| Untracked 
| 388|0x0000000098400000, 0x0000000098500000, 0x0000000098500000|100%| O|  |TAMS 0x0000000098500000, 0x0000000098400000| Updating 
| 389|0x0000000098500000, 0x0000000098600000, 0x0000000098600000|100%| O|  |TAMS 0x0000000098600000, 0x0000000098500000| Untracked 
| 390|0x0000000098600000, 0x0000000098700000, 0x0000000098700000|100%|HS|  |TAMS 0x0000000098700000, 0x0000000098600000| Complete 
| 391|0x0000000098700000, 0x0000000098800000, 0x0000000098800000|100%|HC|  |TAMS 0x0000000098800000, 0x0000000098700000| Complete 
| 392|0x0000000098800000, 0x0000000098900000, 0x0000000098900000|100%|HC|  |TAMS 0x0000000098900000, 0x0000000098800000| Complete 
| 393|0x0000000098900000, 0x0000000098a00000, 0x0000000098a00000|100%| O|  |TAMS 0x0000000098a00000, 0x0000000098900000| Untracked 
| 394|0x0000000098a00000, 0x0000000098b00000, 0x0000000098b00000|100%|HS|  |TAMS 0x0000000098b00000, 0x0000000098a00000| Complete 
| 395|0x0000000098b00000, 0x0000000098c00000, 0x0000000098c00000|100%|HC|  |TAMS 0x0000000098c00000, 0x0000000098b00000| Complete 
| 396|0x0000000098c00000, 0x0000000098d00000, 0x0000000098d00000|100%| O|  |TAMS 0x0000000098d00000, 0x0000000098c00000| Untracked 
| 397|0x0000000098d00000, 0x0000000098e00000, 0x0000000098e00000|100%|HS|  |TAMS 0x0000000098e00000, 0x0000000098d00000| Complete 
| 398|0x0000000098e00000, 0x0000000098f00000, 0x0000000098f00000|100%| O|  |TAMS 0x0000000098f00000, 0x0000000098e00000| Updating 
| 399|0x0000000098f00000, 0x0000000099000000, 0x0000000099000000|100%| O|  |TAMS 0x0000000099000000, 0x0000000098f00000| Updating 
| 400|0x0000000099000000, 0x0000000099100000, 0x0000000099100000|100%| O|  |TAMS 0x0000000099100000, 0x0000000099000000| Updating 
| 401|0x0000000099100000, 0x0000000099200000, 0x0000000099200000|100%| O|  |TAMS 0x0000000099200000, 0x0000000099100000| Untracked 
| 402|0x0000000099200000, 0x0000000099300000, 0x0000000099300000|100%|HS|  |TAMS 0x0000000099300000, 0x0000000099200000| Complete 
| 403|0x0000000099300000, 0x0000000099400000, 0x0000000099400000|100%|HC|  |TAMS 0x0000000099400000, 0x0000000099300000| Complete 
| 404|0x0000000099400000, 0x0000000099500000, 0x0000000099500000|100%|HS|  |TAMS 0x0000000099500000, 0x0000000099400000| Complete 
| 405|0x0000000099500000, 0x0000000099600000, 0x0000000099600000|100%|HC|  |TAMS 0x0000000099600000, 0x0000000099500000| Complete 
| 406|0x0000000099600000, 0x0000000099700000, 0x0000000099700000|100%| O|  |TAMS 0x0000000099700000, 0x0000000099600000| Updating 
| 407|0x0000000099700000, 0x0000000099800000, 0x0000000099800000|100%| O|  |TAMS 0x0000000099800000, 0x0000000099700000| Untracked 
| 408|0x0000000099800000, 0x0000000099900000, 0x0000000099900000|100%| O|  |TAMS 0x0000000099900000, 0x0000000099800000| Untracked 
| 409|0x0000000099900000, 0x0000000099a00000, 0x0000000099a00000|100%| O|  |TAMS 0x0000000099a00000, 0x0000000099900000| Untracked 
| 410|0x0000000099a00000, 0x0000000099b00000, 0x0000000099b00000|100%| O|  |TAMS 0x0000000099b00000, 0x0000000099a00000| Untracked 
| 411|0x0000000099b00000, 0x0000000099c00000, 0x0000000099c00000|100%| O|  |TAMS 0x0000000099c00000, 0x0000000099b00000| Updating 
| 412|0x0000000099c00000, 0x0000000099d00000, 0x0000000099d00000|100%| O|  |TAMS 0x0000000099d00000, 0x0000000099c00000| Updating 
| 413|0x0000000099d00000, 0x0000000099e00000, 0x0000000099e00000|100%| O|  |TAMS 0x0000000099e00000, 0x0000000099d00000| Updating 
| 414|0x0000000099e00000, 0x0000000099f00000, 0x0000000099f00000|100%| O|  |TAMS 0x0000000099f00000, 0x0000000099e00000| Updating 
| 415|0x0000000099f00000, 0x000000009a000000, 0x000000009a000000|100%| O|  |TAMS 0x000000009a000000, 0x0000000099f00000| Untracked 
| 416|0x000000009a000000, 0x000000009a100000, 0x000000009a100000|100%| O|  |TAMS 0x000000009a100000, 0x000000009a000000| Untracked 
| 417|0x000000009a100000, 0x000000009a200000, 0x000000009a200000|100%|HS|  |TAMS 0x000000009a200000, 0x000000009a100000| Complete 
| 418|0x000000009a200000, 0x000000009a300000, 0x000000009a300000|100%|HC|  |TAMS 0x000000009a300000, 0x000000009a200000| Complete 
| 419|0x000000009a300000, 0x000000009a400000, 0x000000009a400000|100%|HC|  |TAMS 0x000000009a400000, 0x000000009a300000| Complete 
| 420|0x000000009a400000, 0x000000009a500000, 0x000000009a500000|100%|HS|  |TAMS 0x000000009a500000, 0x000000009a400000| Complete 
| 421|0x000000009a500000, 0x000000009a600000, 0x000000009a600000|100%|HC|  |TAMS 0x000000009a600000, 0x000000009a500000| Complete 
| 422|0x000000009a600000, 0x000000009a700000, 0x000000009a700000|100%|HC|  |TAMS 0x000000009a700000, 0x000000009a600000| Complete 
| 423|0x000000009a700000, 0x000000009a800000, 0x000000009a800000|100%| O|  |TAMS 0x000000009a800000, 0x000000009a700000| Untracked 
| 424|0x000000009a800000, 0x000000009a900000, 0x000000009a900000|100%| O|  |TAMS 0x000000009a900000, 0x000000009a800000| Untracked 
| 425|0x000000009a900000, 0x000000009aa00000, 0x000000009aa00000|100%| O|  |TAMS 0x000000009aa00000, 0x000000009a900000| Untracked 
| 426|0x000000009aa00000, 0x000000009ab00000, 0x000000009ab00000|100%| O|  |TAMS 0x000000009ab00000, 0x000000009aa00000| Untracked 
| 427|0x000000009ab00000, 0x000000009ac00000, 0x000000009ac00000|100%| O|  |TAMS 0x000000009ac00000, 0x000000009ab00000| Untracked 
| 428|0x000000009ac00000, 0x000000009ad00000, 0x000000009ad00000|100%|HS|  |TAMS 0x000000009ad00000, 0x000000009ac00000| Complete 
| 429|0x000000009ad00000, 0x000000009ae00000, 0x000000009ae00000|100%|HC|  |TAMS 0x000000009ae00000, 0x000000009ad00000| Complete 
| 430|0x000000009ae00000, 0x000000009af00000, 0x000000009af00000|100%|HC|  |TAMS 0x000000009af00000, 0x000000009ae00000| Complete 
| 431|0x000000009af00000, 0x000000009b000000, 0x000000009b000000|100%| O|  |TAMS 0x000000009b000000, 0x000000009af00000| Updating 
| 432|0x000000009b000000, 0x000000009b100000, 0x000000009b100000|100%| O|  |TAMS 0x000000009b100000, 0x000000009b000000| Untracked 
| 433|0x000000009b100000, 0x000000009b200000, 0x000000009b200000|100%|HS|  |TAMS 0x000000009b200000, 0x000000009b100000| Complete 
| 434|0x000000009b200000, 0x000000009b300000, 0x000000009b300000|100%|HC|  |TAMS 0x000000009b300000, 0x000000009b200000| Complete 
| 435|0x000000009b300000, 0x000000009b400000, 0x000000009b400000|100%| O|  |TAMS 0x000000009b400000, 0x000000009b300000| Untracked 
| 436|0x000000009b400000, 0x000000009b500000, 0x000000009b500000|100%| O|  |TAMS 0x000000009b500000, 0x000000009b400000| Updating 
| 437|0x000000009b500000, 0x000000009b600000, 0x000000009b600000|100%|HS|  |TAMS 0x000000009b600000, 0x000000009b500000| Complete 
| 438|0x000000009b600000, 0x000000009b700000, 0x000000009b700000|100%|HC|  |TAMS 0x000000009b700000, 0x000000009b600000| Complete 
| 439|0x000000009b700000, 0x000000009b800000, 0x000000009b800000|100%| O|  |TAMS 0x000000009b800000, 0x000000009b700000| Updating 
| 440|0x000000009b800000, 0x000000009b900000, 0x000000009b900000|100%| O|  |TAMS 0x000000009b900000, 0x000000009b800000| Untracked 
| 441|0x000000009b900000, 0x000000009ba00000, 0x000000009ba00000|100%| O|  |TAMS 0x000000009ba00000, 0x000000009b900000| Updating 
| 442|0x000000009ba00000, 0x000000009bb00000, 0x000000009bb00000|100%|HS|  |TAMS 0x000000009bb00000, 0x000000009ba00000| Complete 
| 443|0x000000009bb00000, 0x000000009bc00000, 0x000000009bc00000|100%|HC|  |TAMS 0x000000009bc00000, 0x000000009bb00000| Complete 
| 444|0x000000009bc00000, 0x000000009bd00000, 0x000000009bd00000|100%| O|  |TAMS 0x000000009bd00000, 0x000000009bc00000| Untracked 
| 445|0x000000009bd00000, 0x000000009be00000, 0x000000009be00000|100%|HS|  |TAMS 0x000000009be00000, 0x000000009bd00000| Complete 
| 446|0x000000009be00000, 0x000000009bf00000, 0x000000009bf00000|100%| O|  |TAMS 0x000000009bf00000, 0x000000009be00000| Updating 
| 447|0x000000009bf00000, 0x000000009c000000, 0x000000009c000000|100%|HS|  |TAMS 0x000000009c000000, 0x000000009bf00000| Complete 
| 448|0x000000009c000000, 0x000000009c100000, 0x000000009c100000|100%| O|  |TAMS 0x000000009c100000, 0x000000009c000000| Untracked 
| 449|0x000000009c100000, 0x000000009c200000, 0x000000009c200000|100%| O|  |TAMS 0x000000009c200000, 0x000000009c100000| Untracked 
| 450|0x000000009c200000, 0x000000009c300000, 0x000000009c300000|100%| O|  |TAMS 0x000000009c300000, 0x000000009c200000| Untracked 
| 451|0x000000009c300000, 0x000000009c400000, 0x000000009c400000|100%|HS|  |TAMS 0x000000009c400000, 0x000000009c300000| Complete 
| 452|0x000000009c400000, 0x000000009c500000, 0x000000009c500000|100%|HC|  |TAMS 0x000000009c500000, 0x000000009c400000| Complete 
| 453|0x000000009c500000, 0x000000009c600000, 0x000000009c600000|100%| O|  |TAMS 0x000000009c600000, 0x000000009c500000| Untracked 
| 454|0x000000009c600000, 0x000000009c700000, 0x000000009c700000|100%| O|  |TAMS 0x000000009c700000, 0x000000009c600000| Updating 
| 455|0x000000009c700000, 0x000000009c800000, 0x000000009c800000|100%| O|  |TAMS 0x000000009c800000, 0x000000009c700000| Updating 
| 456|0x000000009c800000, 0x000000009c900000, 0x000000009c900000|100%|HS|  |TAMS 0x000000009c900000, 0x000000009c800000| Complete 
| 457|0x000000009c900000, 0x000000009ca00000, 0x000000009ca00000|100%|HC|  |TAMS 0x000000009ca00000, 0x000000009c900000| Complete 
| 458|0x000000009ca00000, 0x000000009cb00000, 0x000000009cb00000|100%| O|  |TAMS 0x000000009cb00000, 0x000000009ca00000| Untracked 
| 459|0x000000009cb00000, 0x000000009cc00000, 0x000000009cc00000|100%|HS|  |TAMS 0x000000009cc00000, 0x000000009cb00000| Complete 
| 460|0x000000009cc00000, 0x000000009cd00000, 0x000000009cd00000|100%| O|  |TAMS 0x000000009cd00000, 0x000000009cc00000| Untracked 
| 461|0x000000009cd00000, 0x000000009ce00000, 0x000000009ce00000|100%| O|  |TAMS 0x000000009ce00000, 0x000000009cd00000| Untracked 
| 462|0x000000009ce00000, 0x000000009cf00000, 0x000000009cf00000|100%| O|  |TAMS 0x000000009cf00000, 0x000000009ce00000| Untracked 
| 463|0x000000009cf00000, 0x000000009d000000, 0x000000009d000000|100%|HS|  |TAMS 0x000000009d000000, 0x000000009cf00000| Complete 
| 464|0x000000009d000000, 0x000000009d100000, 0x000000009d100000|100%|HC|  |TAMS 0x000000009d100000, 0x000000009d000000| Complete 
| 465|0x000000009d100000, 0x000000009d200000, 0x000000009d200000|100%| O|  |TAMS 0x000000009d200000, 0x000000009d100000| Updating 
| 466|0x000000009d200000, 0x000000009d300000, 0x000000009d300000|100%| O|  |TAMS 0x000000009d300000, 0x000000009d200000| Updating 
| 467|0x000000009d300000, 0x000000009d400000, 0x000000009d400000|100%| O|  |TAMS 0x000000009d400000, 0x000000009d300000| Updating 
| 468|0x000000009d400000, 0x000000009d500000, 0x000000009d500000|100%| O|  |TAMS 0x000000009d500000, 0x000000009d400000| Updating 
| 469|0x000000009d500000, 0x000000009d500000, 0x000000009d600000|  0%| F|  |TAMS 0x000000009d500000, 0x000000009d500000| Untracked 
| 470|0x000000009d600000, 0x000000009d700000, 0x000000009d700000|100%| O|  |TAMS 0x000000009d700000, 0x000000009d600000| Updating 
| 471|0x000000009d700000, 0x000000009d800000, 0x000000009d800000|100%|HS|  |TAMS 0x000000009d800000, 0x000000009d700000| Complete 
| 472|0x000000009d800000, 0x000000009d900000, 0x000000009d900000|100%|HC|  |TAMS 0x000000009d900000, 0x000000009d800000| Complete 
| 473|0x000000009d900000, 0x000000009da00000, 0x000000009da00000|100%|HC|  |TAMS 0x000000009da00000, 0x000000009d900000| Complete 
| 474|0x000000009da00000, 0x000000009da00000, 0x000000009db00000|  0%| F|  |TAMS 0x000000009da00000, 0x000000009da00000| Untracked 
| 475|0x000000009db00000, 0x000000009db00000, 0x000000009dc00000|  0%| F|  |TAMS 0x000000009db00000, 0x000000009db00000| Untracked 
| 476|0x000000009dc00000, 0x000000009dd00000, 0x000000009dd00000|100%| O|  |TAMS 0x000000009dd00000, 0x000000009dc00000| Updating 
| 477|0x000000009dd00000, 0x000000009de00000, 0x000000009de00000|100%| O|  |TAMS 0x000000009de00000, 0x000000009dd00000| Updating 
| 478|0x000000009de00000, 0x000000009df00000, 0x000000009df00000|100%| O|  |TAMS 0x000000009df00000, 0x000000009de00000| Updating 
| 479|0x000000009df00000, 0x000000009e000000, 0x000000009e000000|100%| O|  |TAMS 0x000000009e000000, 0x000000009df00000| Updating 
| 480|0x000000009e000000, 0x000000009e100000, 0x000000009e100000|100%|HS|  |TAMS 0x000000009e100000, 0x000000009e000000| Complete 
| 481|0x000000009e100000, 0x000000009e200000, 0x000000009e200000|100%|HC|  |TAMS 0x000000009e200000, 0x000000009e100000| Complete 
| 482|0x000000009e200000, 0x000000009e300000, 0x000000009e300000|100%|HC|  |TAMS 0x000000009e300000, 0x000000009e200000| Complete 
| 483|0x000000009e300000, 0x000000009e400000, 0x000000009e400000|100%| O|  |TAMS 0x000000009e400000, 0x000000009e300000| Updating 
| 484|0x000000009e400000, 0x000000009e500000, 0x000000009e500000|100%| O|  |TAMS 0x000000009e500000, 0x000000009e400000| Updating 
| 485|0x000000009e500000, 0x000000009e600000, 0x000000009e600000|100%| O|  |TAMS 0x000000009e600000, 0x000000009e500000| Updating 
| 486|0x000000009e600000, 0x000000009e700000, 0x000000009e700000|100%| O|  |TAMS 0x000000009e700000, 0x000000009e600000| Untracked 
| 487|0x000000009e700000, 0x000000009e800000, 0x000000009e800000|100%| O|  |TAMS 0x000000009e800000, 0x000000009e700000| Untracked 
| 488|0x000000009e800000, 0x000000009e900000, 0x000000009e900000|100%| O|  |TAMS 0x000000009e900000, 0x000000009e800000| Untracked 
| 489|0x000000009e900000, 0x000000009ea00000, 0x000000009ea00000|100%| O|  |TAMS 0x000000009ea00000, 0x000000009e900000| Untracked 
| 490|0x000000009ea00000, 0x000000009eb00000, 0x000000009eb00000|100%| O|  |TAMS 0x000000009eb00000, 0x000000009ea00000| Untracked 
| 491|0x000000009eb00000, 0x000000009ec00000, 0x000000009ec00000|100%| O|  |TAMS 0x000000009ec00000, 0x000000009eb00000| Untracked 
| 492|0x000000009ec00000, 0x000000009ed00000, 0x000000009ed00000|100%| O|  |TAMS 0x000000009ed00000, 0x000000009ec00000| Untracked 
| 493|0x000000009ed00000, 0x000000009ee00000, 0x000000009ee00000|100%| O|  |TAMS 0x000000009ee00000, 0x000000009ed00000| Untracked 
| 494|0x000000009ee00000, 0x000000009ef00000, 0x000000009ef00000|100%| O|  |TAMS 0x000000009ef00000, 0x000000009ee00000| Untracked 
| 495|0x000000009ef00000, 0x000000009f000000, 0x000000009f000000|100%|HS|  |TAMS 0x000000009f000000, 0x000000009ef00000| Complete 
| 496|0x000000009f000000, 0x000000009f100000, 0x000000009f100000|100%| O|  |TAMS 0x000000009f100000, 0x000000009f000000| Untracked 
| 497|0x000000009f100000, 0x000000009f200000, 0x000000009f200000|100%| O|  |TAMS 0x000000009f200000, 0x000000009f100000| Untracked 
| 498|0x000000009f200000, 0x000000009f300000, 0x000000009f300000|100%| O|  |TAMS 0x000000009f300000, 0x000000009f200000| Untracked 
| 499|0x000000009f300000, 0x000000009f400000, 0x000000009f400000|100%|HS|  |TAMS 0x000000009f400000, 0x000000009f300000| Complete 
| 500|0x000000009f400000, 0x000000009f400000, 0x000000009f500000|  0%| F|  |TAMS 0x000000009f400000, 0x000000009f400000| Untracked 
| 501|0x000000009f500000, 0x000000009f500000, 0x000000009f600000|  0%| F|  |TAMS 0x000000009f500000, 0x000000009f500000| Untracked 
| 502|0x000000009f600000, 0x000000009f700000, 0x000000009f700000|100%|HS|  |TAMS 0x000000009f700000, 0x000000009f600000| Complete 
| 503|0x000000009f700000, 0x000000009f800000, 0x000000009f800000|100%|HC|  |TAMS 0x000000009f800000, 0x000000009f700000| Complete 
| 504|0x000000009f800000, 0x000000009f900000, 0x000000009f900000|100%|HS|  |TAMS 0x000000009f900000, 0x000000009f800000| Complete 
| 505|0x000000009f900000, 0x000000009fa00000, 0x000000009fa00000|100%|HC|  |TAMS 0x000000009fa00000, 0x000000009f900000| Complete 
| 506|0x000000009fa00000, 0x000000009fb00000, 0x000000009fb00000|100%| O|  |TAMS 0x000000009fb00000, 0x000000009fa00000| Untracked 
| 507|0x000000009fb00000, 0x000000009fc00000, 0x000000009fc00000|100%| O|  |TAMS 0x000000009fc00000, 0x000000009fb00000| Untracked 
| 508|0x000000009fc00000, 0x000000009fd00000, 0x000000009fd00000|100%| O|  |TAMS 0x000000009fd00000, 0x000000009fc00000| Untracked 
| 509|0x000000009fd00000, 0x000000009fe00000, 0x000000009fe00000|100%| O|  |TAMS 0x000000009fe00000, 0x000000009fd00000| Untracked 
| 510|0x000000009fe00000, 0x000000009ff00000, 0x000000009ff00000|100%| O|  |TAMS 0x000000009ff00000, 0x000000009fe00000| Untracked 
| 511|0x000000009ff00000, 0x00000000a0000000, 0x00000000a0000000|100%| O|  |TAMS 0x00000000a0000000, 0x000000009ff00000| Untracked 
| 512|0x00000000a0000000, 0x00000000a0100000, 0x00000000a0100000|100%| O|  |TAMS 0x00000000a0100000, 0x00000000a0000000| Untracked 
| 513|0x00000000a0100000, 0x00000000a0200000, 0x00000000a0200000|100%| O|  |TAMS 0x00000000a0200000, 0x00000000a0100000| Untracked 
| 514|0x00000000a0200000, 0x00000000a0300000, 0x00000000a0300000|100%| O|  |TAMS 0x00000000a0300000, 0x00000000a0200000| Untracked 
| 515|0x00000000a0300000, 0x00000000a0400000, 0x00000000a0400000|100%| O|  |TAMS 0x00000000a0400000, 0x00000000a0300000| Untracked 
| 516|0x00000000a0400000, 0x00000000a0500000, 0x00000000a0500000|100%| O|  |TAMS 0x00000000a0500000, 0x00000000a0400000| Untracked 
| 517|0x00000000a0500000, 0x00000000a0600000, 0x00000000a0600000|100%| O|  |TAMS 0x00000000a0600000, 0x00000000a0500000| Untracked 
| 518|0x00000000a0600000, 0x00000000a0700000, 0x00000000a0700000|100%| O|  |TAMS 0x00000000a0700000, 0x00000000a0600000| Untracked 
| 519|0x00000000a0700000, 0x00000000a0800000, 0x00000000a0800000|100%| O|  |TAMS 0x00000000a0800000, 0x00000000a0700000| Untracked 
| 520|0x00000000a0800000, 0x00000000a0900000, 0x00000000a0900000|100%| O|  |TAMS 0x00000000a0900000, 0x00000000a0800000| Untracked 
| 521|0x00000000a0900000, 0x00000000a0a00000, 0x00000000a0a00000|100%| O|  |TAMS 0x00000000a0a00000, 0x00000000a0900000| Untracked 
| 522|0x00000000a0a00000, 0x00000000a0b00000, 0x00000000a0b00000|100%| O|  |TAMS 0x00000000a0b00000, 0x00000000a0a00000| Untracked 
| 523|0x00000000a0b00000, 0x00000000a0c00000, 0x00000000a0c00000|100%| O|  |TAMS 0x00000000a0c00000, 0x00000000a0b00000| Untracked 
| 524|0x00000000a0c00000, 0x00000000a0d00000, 0x00000000a0d00000|100%| O|  |TAMS 0x00000000a0d00000, 0x00000000a0c00000| Untracked 
| 525|0x00000000a0d00000, 0x00000000a0e00000, 0x00000000a0e00000|100%| O|  |TAMS 0x00000000a0e00000, 0x00000000a0d00000| Untracked 
| 526|0x00000000a0e00000, 0x00000000a0f00000, 0x00000000a0f00000|100%| O|  |TAMS 0x00000000a0f00000, 0x00000000a0e00000| Untracked 
| 527|0x00000000a0f00000, 0x00000000a1000000, 0x00000000a1000000|100%| O|  |TAMS 0x00000000a1000000, 0x00000000a0f00000| Untracked 
| 528|0x00000000a1000000, 0x00000000a1100000, 0x00000000a1100000|100%| O|  |TAMS 0x00000000a1100000, 0x00000000a1000000| Untracked 
| 529|0x00000000a1100000, 0x00000000a1200000, 0x00000000a1200000|100%| O|  |TAMS 0x00000000a1200000, 0x00000000a1100000| Untracked 
| 530|0x00000000a1200000, 0x00000000a1300000, 0x00000000a1300000|100%| O|  |TAMS 0x00000000a1300000, 0x00000000a1200000| Untracked 
| 531|0x00000000a1300000, 0x00000000a1400000, 0x00000000a1400000|100%| O|  |TAMS 0x00000000a1400000, 0x00000000a1300000| Untracked 
| 532|0x00000000a1400000, 0x00000000a1500000, 0x00000000a1500000|100%| O|  |TAMS 0x00000000a1500000, 0x00000000a1400000| Updating 
| 533|0x00000000a1500000, 0x00000000a1600000, 0x00000000a1600000|100%| O|  |TAMS 0x00000000a1600000, 0x00000000a1500000| Updating 
| 534|0x00000000a1600000, 0x00000000a1700000, 0x00000000a1700000|100%| O|  |TAMS 0x00000000a1680000, 0x00000000a1600000| Untracked 
| 535|0x00000000a1700000, 0x00000000a1800000, 0x00000000a1800000|100%| O|  |TAMS 0x00000000a1700000, 0x00000000a1700000| Untracked 
| 536|0x00000000a1800000, 0x00000000a1900000, 0x00000000a1900000|100%| O|  |TAMS 0x00000000a1800000, 0x00000000a1800000| Untracked 
| 537|0x00000000a1900000, 0x00000000a1a00000, 0x00000000a1a00000|100%| O|  |TAMS 0x00000000a1900000, 0x00000000a1900000| Untracked 
| 538|0x00000000a1a00000, 0x00000000a1b00000, 0x00000000a1b00000|100%| O|  |TAMS 0x00000000a1a00000, 0x00000000a1a00000| Untracked 
| 539|0x00000000a1b00000, 0x00000000a1c00000, 0x00000000a1c00000|100%| O|  |TAMS 0x00000000a1b00000, 0x00000000a1b00000| Untracked 
| 540|0x00000000a1c00000, 0x00000000a1d00000, 0x00000000a1d00000|100%| O|  |TAMS 0x00000000a1c00000, 0x00000000a1c00000| Untracked 
| 541|0x00000000a1d00000, 0x00000000a1e00000, 0x00000000a1e00000|100%| O|  |TAMS 0x00000000a1d00000, 0x00000000a1d00000| Untracked 
| 542|0x00000000a1e00000, 0x00000000a1f00000, 0x00000000a1f00000|100%| O|  |TAMS 0x00000000a1e00000, 0x00000000a1e00000| Untracked 
| 543|0x00000000a1f00000, 0x00000000a2000000, 0x00000000a2000000|100%| O|  |TAMS 0x00000000a1f00000, 0x00000000a1f00000| Untracked 
| 544|0x00000000a2000000, 0x00000000a2100000, 0x00000000a2100000|100%| O|  |TAMS 0x00000000a2000000, 0x00000000a2000000| Untracked 
| 545|0x00000000a2100000, 0x00000000a2200000, 0x00000000a2200000|100%| O|  |TAMS 0x00000000a2100000, 0x00000000a2100000| Untracked 
| 546|0x00000000a2200000, 0x00000000a2300000, 0x00000000a2300000|100%| O|  |TAMS 0x00000000a2200000, 0x00000000a2200000| Untracked 
| 547|0x00000000a2300000, 0x00000000a2400000, 0x00000000a2400000|100%| O|  |TAMS 0x00000000a2300000, 0x00000000a2300000| Untracked 
| 548|0x00000000a2400000, 0x00000000a2500000, 0x00000000a2500000|100%| O|  |TAMS 0x00000000a2400000, 0x00000000a2400000| Untracked 
| 549|0x00000000a2500000, 0x00000000a2600000, 0x00000000a2600000|100%| O|  |TAMS 0x00000000a2500000, 0x00000000a2500000| Untracked 
| 550|0x00000000a2600000, 0x00000000a2700000, 0x00000000a2700000|100%| O|  |TAMS 0x00000000a2600000, 0x00000000a2600000| Untracked 
| 551|0x00000000a2700000, 0x00000000a2800000, 0x00000000a2800000|100%| O|  |TAMS 0x00000000a2700000, 0x00000000a2700000| Untracked 
| 552|0x00000000a2800000, 0x00000000a2900000, 0x00000000a2900000|100%| O|  |TAMS 0x00000000a2800000, 0x00000000a2800000| Untracked 
| 553|0x00000000a2900000, 0x00000000a2a00000, 0x00000000a2a00000|100%| O|  |TAMS 0x00000000a2900000, 0x00000000a2900000| Untracked 
| 554|0x00000000a2a00000, 0x00000000a2b00000, 0x00000000a2b00000|100%| O|  |TAMS 0x00000000a2a00000, 0x00000000a2a00000| Untracked 
| 555|0x00000000a2b00000, 0x00000000a2c00000, 0x00000000a2c00000|100%| O|  |TAMS 0x00000000a2b00000, 0x00000000a2b00000| Untracked 
| 556|0x00000000a2c00000, 0x00000000a2d00000, 0x00000000a2d00000|100%| O|  |TAMS 0x00000000a2c00000, 0x00000000a2c00000| Untracked 
| 557|0x00000000a2d00000, 0x00000000a2e00000, 0x00000000a2e00000|100%| O|  |TAMS 0x00000000a2d00000, 0x00000000a2d00000| Untracked 
| 558|0x00000000a2e00000, 0x00000000a2f00000, 0x00000000a2f00000|100%| O|  |TAMS 0x00000000a2e00000, 0x00000000a2e00000| Untracked 
| 559|0x00000000a2f00000, 0x00000000a3000000, 0x00000000a3000000|100%| O|  |TAMS 0x00000000a2f00000, 0x00000000a2f00000| Untracked 
| 560|0x00000000a3000000, 0x00000000a3100000, 0x00000000a3100000|100%| O|  |TAMS 0x00000000a3000000, 0x00000000a3000000| Untracked 
| 561|0x00000000a3100000, 0x00000000a3200000, 0x00000000a3200000|100%| O|  |TAMS 0x00000000a3100000, 0x00000000a3100000| Untracked 
| 562|0x00000000a3200000, 0x00000000a3300000, 0x00000000a3300000|100%| O|  |TAMS 0x00000000a3200000, 0x00000000a3200000| Untracked 
| 563|0x00000000a3300000, 0x00000000a3400000, 0x00000000a3400000|100%| O|  |TAMS 0x00000000a3300000, 0x00000000a3300000| Untracked 
| 564|0x00000000a3400000, 0x00000000a3500000, 0x00000000a3500000|100%| O|  |TAMS 0x00000000a3400000, 0x00000000a3400000| Untracked 
| 565|0x00000000a3500000, 0x00000000a3600000, 0x00000000a3600000|100%| O|  |TAMS 0x00000000a3500000, 0x00000000a3500000| Untracked 
| 566|0x00000000a3600000, 0x00000000a3700000, 0x00000000a3700000|100%| O|  |TAMS 0x00000000a3600000, 0x00000000a3600000| Untracked 
| 567|0x00000000a3700000, 0x00000000a3800000, 0x00000000a3800000|100%| O|  |TAMS 0x00000000a3700000, 0x00000000a3700000| Untracked 
| 568|0x00000000a3800000, 0x00000000a3900000, 0x00000000a3900000|100%| O|  |TAMS 0x00000000a3800000, 0x00000000a3800000| Untracked 
| 569|0x00000000a3900000, 0x00000000a3a00000, 0x00000000a3a00000|100%| O|  |TAMS 0x00000000a3900000, 0x00000000a3900000| Untracked 
| 570|0x00000000a3a00000, 0x00000000a3b00000, 0x00000000a3b00000|100%| O|  |TAMS 0x00000000a3a00000, 0x00000000a3a00000| Untracked 
| 571|0x00000000a3b00000, 0x00000000a3c00000, 0x00000000a3c00000|100%| O|  |TAMS 0x00000000a3b00000, 0x00000000a3b00000| Untracked 
| 572|0x00000000a3c00000, 0x00000000a3d00000, 0x00000000a3d00000|100%| O|  |TAMS 0x00000000a3c00000, 0x00000000a3c00000| Untracked 
| 573|0x00000000a3d00000, 0x00000000a3e00000, 0x00000000a3e00000|100%| O|  |TAMS 0x00000000a3d00000, 0x00000000a3d00000| Untracked 
| 574|0x00000000a3e00000, 0x00000000a3f00000, 0x00000000a3f00000|100%| O|  |TAMS 0x00000000a3e00000, 0x00000000a3e00000| Untracked 
| 575|0x00000000a3f00000, 0x00000000a4000000, 0x00000000a4000000|100%| O|  |TAMS 0x00000000a3f00000, 0x00000000a3f00000| Untracked 
| 576|0x00000000a4000000, 0x00000000a4100000, 0x00000000a4100000|100%| O|  |TAMS 0x00000000a4000000, 0x00000000a4000000| Untracked 
| 577|0x00000000a4100000, 0x00000000a4200000, 0x00000000a4200000|100%| O|  |TAMS 0x00000000a4100000, 0x00000000a4100000| Untracked 
| 578|0x00000000a4200000, 0x00000000a4300000, 0x00000000a4300000|100%| O|  |TAMS 0x00000000a4200000, 0x00000000a4200000| Untracked 
| 579|0x00000000a4300000, 0x00000000a4400000, 0x00000000a4400000|100%| O|  |TAMS 0x00000000a4300000, 0x00000000a4300000| Untracked 
| 580|0x00000000a4400000, 0x00000000a4500000, 0x00000000a4500000|100%| O|  |TAMS 0x00000000a4400000, 0x00000000a4400000| Untracked 
| 581|0x00000000a4500000, 0x00000000a4600000, 0x00000000a4600000|100%| O|  |TAMS 0x00000000a4500000, 0x00000000a4500000| Untracked 
| 582|0x00000000a4600000, 0x00000000a4700000, 0x00000000a4700000|100%| O|  |TAMS 0x00000000a4600000, 0x00000000a4600000| Untracked 
| 583|0x00000000a4700000, 0x00000000a4700000, 0x00000000a4800000|  0%| F|  |TAMS 0x00000000a4700000, 0x00000000a4700000| Untracked 
| 584|0x00000000a4800000, 0x00000000a4800000, 0x00000000a4900000|  0%| F|  |TAMS 0x00000000a4800000, 0x00000000a4800000| Untracked 
| 585|0x00000000a4900000, 0x00000000a4900000, 0x00000000a4a00000|  0%| F|  |TAMS 0x00000000a4900000, 0x00000000a4900000| Untracked 
| 586|0x00000000a4a00000, 0x00000000a4a00000, 0x00000000a4b00000|  0%| F|  |TAMS 0x00000000a4a00000, 0x00000000a4a00000| Untracked 
| 587|0x00000000a4b00000, 0x00000000a4b00000, 0x00000000a4c00000|  0%| F|  |TAMS 0x00000000a4b00000, 0x00000000a4b00000| Untracked 
| 588|0x00000000a4c00000, 0x00000000a4c00000, 0x00000000a4d00000|  0%| F|  |TAMS 0x00000000a4c00000, 0x00000000a4c00000| Untracked 
| 589|0x00000000a4d00000, 0x00000000a4d00000, 0x00000000a4e00000|  0%| F|  |TAMS 0x00000000a4d00000, 0x00000000a4d00000| Untracked 
| 590|0x00000000a4e00000, 0x00000000a4e00000, 0x00000000a4f00000|  0%| F|  |TAMS 0x00000000a4e00000, 0x00000000a4e00000| Untracked 
| 591|0x00000000a4f00000, 0x00000000a4f00000, 0x00000000a5000000|  0%| F|  |TAMS 0x00000000a4f00000, 0x00000000a4f00000| Untracked 
| 592|0x00000000a5000000, 0x00000000a5000000, 0x00000000a5100000|  0%| F|  |TAMS 0x00000000a5000000, 0x00000000a5000000| Untracked 
| 593|0x00000000a5100000, 0x00000000a5100000, 0x00000000a5200000|  0%| F|  |TAMS 0x00000000a5100000, 0x00000000a5100000| Untracked 
| 594|0x00000000a5200000, 0x00000000a5200000, 0x00000000a5300000|  0%| F|  |TAMS 0x00000000a5200000, 0x00000000a5200000| Untracked 
| 595|0x00000000a5300000, 0x00000000a5300000, 0x00000000a5400000|  0%| F|  |TAMS 0x00000000a5300000, 0x00000000a5300000| Untracked 
| 596|0x00000000a5400000, 0x00000000a5400000, 0x00000000a5500000|  0%| F|  |TAMS 0x00000000a5400000, 0x00000000a5400000| Untracked 
| 597|0x00000000a5500000, 0x00000000a5500000, 0x00000000a5600000|  0%| F|  |TAMS 0x00000000a5500000, 0x00000000a5500000| Untracked 
| 598|0x00000000a5600000, 0x00000000a5600000, 0x00000000a5700000|  0%| F|  |TAMS 0x00000000a5600000, 0x00000000a5600000| Untracked 
| 599|0x00000000a5700000, 0x00000000a5700000, 0x00000000a5800000|  0%| F|  |TAMS 0x00000000a5700000, 0x00000000a5700000| Untracked 
| 600|0x00000000a5800000, 0x00000000a5800000, 0x00000000a5900000|  0%| F|  |TAMS 0x00000000a5800000, 0x00000000a5800000| Untracked 
| 601|0x00000000a5900000, 0x00000000a5900000, 0x00000000a5a00000|  0%| F|  |TAMS 0x00000000a5900000, 0x00000000a5900000| Untracked 
| 602|0x00000000a5a00000, 0x00000000a5a00000, 0x00000000a5b00000|  0%| F|  |TAMS 0x00000000a5a00000, 0x00000000a5a00000| Untracked 
| 603|0x00000000a5b00000, 0x00000000a5b00000, 0x00000000a5c00000|  0%| F|  |TAMS 0x00000000a5b00000, 0x00000000a5b00000| Untracked 
| 604|0x00000000a5c00000, 0x00000000a5c00000, 0x00000000a5d00000|  0%| F|  |TAMS 0x00000000a5c00000, 0x00000000a5c00000| Untracked 
| 605|0x00000000a5d00000, 0x00000000a5d00000, 0x00000000a5e00000|  0%| F|  |TAMS 0x00000000a5d00000, 0x00000000a5d00000| Untracked 
| 606|0x00000000a5e00000, 0x00000000a5e00000, 0x00000000a5f00000|  0%| F|  |TAMS 0x00000000a5e00000, 0x00000000a5e00000| Untracked 
| 607|0x00000000a5f00000, 0x00000000a5f00000, 0x00000000a6000000|  0%| F|  |TAMS 0x00000000a5f00000, 0x00000000a5f00000| Untracked 
| 608|0x00000000a6000000, 0x00000000a6000000, 0x00000000a6100000|  0%| F|  |TAMS 0x00000000a6000000, 0x00000000a6000000| Untracked 
| 609|0x00000000a6100000, 0x00000000a6100000, 0x00000000a6200000|  0%| F|  |TAMS 0x00000000a6100000, 0x00000000a6100000| Untracked 
| 610|0x00000000a6200000, 0x00000000a6200000, 0x00000000a6300000|  0%| F|  |TAMS 0x00000000a6200000, 0x00000000a6200000| Untracked 
| 611|0x00000000a6300000, 0x00000000a6300000, 0x00000000a6400000|  0%| F|  |TAMS 0x00000000a6300000, 0x00000000a6300000| Untracked 
| 612|0x00000000a6400000, 0x00000000a6400000, 0x00000000a6500000|  0%| F|  |TAMS 0x00000000a6400000, 0x00000000a6400000| Untracked 
| 613|0x00000000a6500000, 0x00000000a6500000, 0x00000000a6600000|  0%| F|  |TAMS 0x00000000a6500000, 0x00000000a6500000| Untracked 
| 614|0x00000000a6600000, 0x00000000a6600000, 0x00000000a6700000|  0%| F|  |TAMS 0x00000000a6600000, 0x00000000a6600000| Untracked 
| 615|0x00000000a6700000, 0x00000000a6700000, 0x00000000a6800000|  0%| F|  |TAMS 0x00000000a6700000, 0x00000000a6700000| Untracked 
| 616|0x00000000a6800000, 0x00000000a6800000, 0x00000000a6900000|  0%| F|  |TAMS 0x00000000a6800000, 0x00000000a6800000| Untracked 
| 617|0x00000000a6900000, 0x00000000a6900000, 0x00000000a6a00000|  0%| F|  |TAMS 0x00000000a6900000, 0x00000000a6900000| Untracked 
| 618|0x00000000a6a00000, 0x00000000a6a00000, 0x00000000a6b00000|  0%| F|  |TAMS 0x00000000a6a00000, 0x00000000a6a00000| Untracked 
| 619|0x00000000a6b00000, 0x00000000a6b00000, 0x00000000a6c00000|  0%| F|  |TAMS 0x00000000a6b00000, 0x00000000a6b00000| Untracked 
| 620|0x00000000a6c00000, 0x00000000a6c00000, 0x00000000a6d00000|  0%| F|  |TAMS 0x00000000a6c00000, 0x00000000a6c00000| Untracked 
| 621|0x00000000a6d00000, 0x00000000a6d00000, 0x00000000a6e00000|  0%| F|  |TAMS 0x00000000a6d00000, 0x00000000a6d00000| Untracked 
| 622|0x00000000a6e00000, 0x00000000a6e00000, 0x00000000a6f00000|  0%| F|  |TAMS 0x00000000a6e00000, 0x00000000a6e00000| Untracked 
| 623|0x00000000a6f00000, 0x00000000a6f00000, 0x00000000a7000000|  0%| F|  |TAMS 0x00000000a6f00000, 0x00000000a6f00000| Untracked 
| 624|0x00000000a7000000, 0x00000000a7000000, 0x00000000a7100000|  0%| F|  |TAMS 0x00000000a7000000, 0x00000000a7000000| Untracked 
| 625|0x00000000a7100000, 0x00000000a7100000, 0x00000000a7200000|  0%| F|  |TAMS 0x00000000a7100000, 0x00000000a7100000| Untracked 
| 626|0x00000000a7200000, 0x00000000a7200000, 0x00000000a7300000|  0%| F|  |TAMS 0x00000000a7200000, 0x00000000a7200000| Untracked 
| 627|0x00000000a7300000, 0x00000000a7300000, 0x00000000a7400000|  0%| F|  |TAMS 0x00000000a7300000, 0x00000000a7300000| Untracked 
| 628|0x00000000a7400000, 0x00000000a7400000, 0x00000000a7500000|  0%| F|  |TAMS 0x00000000a7400000, 0x00000000a7400000| Untracked 
| 629|0x00000000a7500000, 0x00000000a7500000, 0x00000000a7600000|  0%| F|  |TAMS 0x00000000a7500000, 0x00000000a7500000| Untracked 
| 630|0x00000000a7600000, 0x00000000a7600000, 0x00000000a7700000|  0%| F|  |TAMS 0x00000000a7600000, 0x00000000a7600000| Untracked 
| 631|0x00000000a7700000, 0x00000000a7700000, 0x00000000a7800000|  0%| F|  |TAMS 0x00000000a7700000, 0x00000000a7700000| Untracked 
| 632|0x00000000a7800000, 0x00000000a7800000, 0x00000000a7900000|  0%| F|  |TAMS 0x00000000a7800000, 0x00000000a7800000| Untracked 
| 633|0x00000000a7900000, 0x00000000a7900000, 0x00000000a7a00000|  0%| F|  |TAMS 0x00000000a7900000, 0x00000000a7900000| Untracked 
| 634|0x00000000a7a00000, 0x00000000a7a00000, 0x00000000a7b00000|  0%| F|  |TAMS 0x00000000a7a00000, 0x00000000a7a00000| Untracked 
| 635|0x00000000a7b00000, 0x00000000a7b00000, 0x00000000a7c00000|  0%| F|  |TAMS 0x00000000a7b00000, 0x00000000a7b00000| Untracked 
| 636|0x00000000a7c00000, 0x00000000a7c00000, 0x00000000a7d00000|  0%| F|  |TAMS 0x00000000a7c00000, 0x00000000a7c00000| Untracked 
| 637|0x00000000a7d00000, 0x00000000a7d00000, 0x00000000a7e00000|  0%| F|  |TAMS 0x00000000a7d00000, 0x00000000a7d00000| Untracked 
| 638|0x00000000a7e00000, 0x00000000a7e00000, 0x00000000a7f00000|  0%| F|  |TAMS 0x00000000a7e00000, 0x00000000a7e00000| Untracked 
| 639|0x00000000a7f00000, 0x00000000a7f00000, 0x00000000a8000000|  0%| F|  |TAMS 0x00000000a7f00000, 0x00000000a7f00000| Untracked 
| 640|0x00000000a8000000, 0x00000000a8000000, 0x00000000a8100000|  0%| F|  |TAMS 0x00000000a8000000, 0x00000000a8000000| Untracked 
| 641|0x00000000a8100000, 0x00000000a8100000, 0x00000000a8200000|  0%| F|  |TAMS 0x00000000a8100000, 0x00000000a8100000| Untracked 
| 642|0x00000000a8200000, 0x00000000a8200000, 0x00000000a8300000|  0%| F|  |TAMS 0x00000000a8200000, 0x00000000a8200000| Untracked 
| 643|0x00000000a8300000, 0x00000000a8300000, 0x00000000a8400000|  0%| F|  |TAMS 0x00000000a8300000, 0x00000000a8300000| Untracked 
| 644|0x00000000a8400000, 0x00000000a8400000, 0x00000000a8500000|  0%| F|  |TAMS 0x00000000a8400000, 0x00000000a8400000| Untracked 
| 645|0x00000000a8500000, 0x00000000a8500000, 0x00000000a8600000|  0%| F|  |TAMS 0x00000000a8500000, 0x00000000a8500000| Untracked 
| 646|0x00000000a8600000, 0x00000000a8600000, 0x00000000a8700000|  0%| F|  |TAMS 0x00000000a8600000, 0x00000000a8600000| Untracked 
| 647|0x00000000a8700000, 0x00000000a8700000, 0x00000000a8800000|  0%| F|  |TAMS 0x00000000a8700000, 0x00000000a8700000| Untracked 
| 648|0x00000000a8800000, 0x00000000a8800000, 0x00000000a8900000|  0%| F|  |TAMS 0x00000000a8800000, 0x00000000a8800000| Untracked 
| 649|0x00000000a8900000, 0x00000000a8900000, 0x00000000a8a00000|  0%| F|  |TAMS 0x00000000a8900000, 0x00000000a8900000| Untracked 
| 650|0x00000000a8a00000, 0x00000000a8a00000, 0x00000000a8b00000|  0%| F|  |TAMS 0x00000000a8a00000, 0x00000000a8a00000| Untracked 
| 651|0x00000000a8b00000, 0x00000000a8b00000, 0x00000000a8c00000|  0%| F|  |TAMS 0x00000000a8b00000, 0x00000000a8b00000| Untracked 
| 652|0x00000000a8c00000, 0x00000000a8c00000, 0x00000000a8d00000|  0%| F|  |TAMS 0x00000000a8c00000, 0x00000000a8c00000| Untracked 
| 653|0x00000000a8d00000, 0x00000000a8d00000, 0x00000000a8e00000|  0%| F|  |TAMS 0x00000000a8d00000, 0x00000000a8d00000| Untracked 
| 654|0x00000000a8e00000, 0x00000000a8e00000, 0x00000000a8f00000|  0%| F|  |TAMS 0x00000000a8e00000, 0x00000000a8e00000| Untracked 
| 655|0x00000000a8f00000, 0x00000000a8f00000, 0x00000000a9000000|  0%| F|  |TAMS 0x00000000a8f00000, 0x00000000a8f00000| Untracked 
| 656|0x00000000a9000000, 0x00000000a9000000, 0x00000000a9100000|  0%| F|  |TAMS 0x00000000a9000000, 0x00000000a9000000| Untracked 
| 657|0x00000000a9100000, 0x00000000a9100000, 0x00000000a9200000|  0%| F|  |TAMS 0x00000000a9100000, 0x00000000a9100000| Untracked 
| 658|0x00000000a9200000, 0x00000000a9200000, 0x00000000a9300000|  0%| F|  |TAMS 0x00000000a9200000, 0x00000000a9200000| Untracked 
| 659|0x00000000a9300000, 0x00000000a9300000, 0x00000000a9400000|  0%| F|  |TAMS 0x00000000a9300000, 0x00000000a9300000| Untracked 
| 660|0x00000000a9400000, 0x00000000a9400000, 0x00000000a9500000|  0%| F|  |TAMS 0x00000000a9400000, 0x00000000a9400000| Untracked 
| 661|0x00000000a9500000, 0x00000000a9500000, 0x00000000a9600000|  0%| F|  |TAMS 0x00000000a9500000, 0x00000000a9500000| Untracked 
| 662|0x00000000a9600000, 0x00000000a9600000, 0x00000000a9700000|  0%| F|  |TAMS 0x00000000a9600000, 0x00000000a9600000| Untracked 
| 663|0x00000000a9700000, 0x00000000a9700000, 0x00000000a9800000|  0%| F|  |TAMS 0x00000000a9700000, 0x00000000a9700000| Untracked 
| 664|0x00000000a9800000, 0x00000000a9800000, 0x00000000a9900000|  0%| F|  |TAMS 0x00000000a9800000, 0x00000000a9800000| Untracked 
| 665|0x00000000a9900000, 0x00000000a9900000, 0x00000000a9a00000|  0%| F|  |TAMS 0x00000000a9900000, 0x00000000a9900000| Untracked 
| 666|0x00000000a9a00000, 0x00000000a9a00000, 0x00000000a9b00000|  0%| F|  |TAMS 0x00000000a9a00000, 0x00000000a9a00000| Untracked 
| 667|0x00000000a9b00000, 0x00000000a9b00000, 0x00000000a9c00000|  0%| F|  |TAMS 0x00000000a9b00000, 0x00000000a9b00000| Untracked 
| 668|0x00000000a9c00000, 0x00000000a9c00000, 0x00000000a9d00000|  0%| F|  |TAMS 0x00000000a9c00000, 0x00000000a9c00000| Untracked 
| 669|0x00000000a9d00000, 0x00000000a9d00000, 0x00000000a9e00000|  0%| F|  |TAMS 0x00000000a9d00000, 0x00000000a9d00000| Untracked 
| 670|0x00000000a9e00000, 0x00000000a9e00000, 0x00000000a9f00000|  0%| F|  |TAMS 0x00000000a9e00000, 0x00000000a9e00000| Untracked 
| 671|0x00000000a9f00000, 0x00000000a9f00000, 0x00000000aa000000|  0%| F|  |TAMS 0x00000000a9f00000, 0x00000000a9f00000| Untracked 
| 672|0x00000000aa000000, 0x00000000aa000000, 0x00000000aa100000|  0%| F|  |TAMS 0x00000000aa000000, 0x00000000aa000000| Untracked 
| 673|0x00000000aa100000, 0x00000000aa100000, 0x00000000aa200000|  0%| F|  |TAMS 0x00000000aa100000, 0x00000000aa100000| Untracked 
| 674|0x00000000aa200000, 0x00000000aa200000, 0x00000000aa300000|  0%| F|  |TAMS 0x00000000aa200000, 0x00000000aa200000| Untracked 
| 675|0x00000000aa300000, 0x00000000aa300000, 0x00000000aa400000|  0%| F|  |TAMS 0x00000000aa300000, 0x00000000aa300000| Untracked 
| 676|0x00000000aa400000, 0x00000000aa400000, 0x00000000aa500000|  0%| F|  |TAMS 0x00000000aa400000, 0x00000000aa400000| Untracked 
| 677|0x00000000aa500000, 0x00000000aa500000, 0x00000000aa600000|  0%| F|  |TAMS 0x00000000aa500000, 0x00000000aa500000| Untracked 
| 678|0x00000000aa600000, 0x00000000aa600000, 0x00000000aa700000|  0%| F|  |TAMS 0x00000000aa600000, 0x00000000aa600000| Untracked 
| 679|0x00000000aa700000, 0x00000000aa700000, 0x00000000aa800000|  0%| F|  |TAMS 0x00000000aa700000, 0x00000000aa700000| Untracked 
| 680|0x00000000aa800000, 0x00000000aa800000, 0x00000000aa900000|  0%| F|  |TAMS 0x00000000aa800000, 0x00000000aa800000| Untracked 
| 681|0x00000000aa900000, 0x00000000aa900000, 0x00000000aaa00000|  0%| F|  |TAMS 0x00000000aa900000, 0x00000000aa900000| Untracked 
| 682|0x00000000aaa00000, 0x00000000aaa00000, 0x00000000aab00000|  0%| F|  |TAMS 0x00000000aaa00000, 0x00000000aaa00000| Untracked 
| 683|0x00000000aab00000, 0x00000000aab00000, 0x00000000aac00000|  0%| F|  |TAMS 0x00000000aab00000, 0x00000000aab00000| Untracked 
| 684|0x00000000aac00000, 0x00000000aac00000, 0x00000000aad00000|  0%| F|  |TAMS 0x00000000aac00000, 0x00000000aac00000| Untracked 
| 685|0x00000000aad00000, 0x00000000aad00000, 0x00000000aae00000|  0%| F|  |TAMS 0x00000000aad00000, 0x00000000aad00000| Untracked 
| 686|0x00000000aae00000, 0x00000000aae00000, 0x00000000aaf00000|  0%| F|  |TAMS 0x00000000aae00000, 0x00000000aae00000| Untracked 
| 687|0x00000000aaf00000, 0x00000000aaf00000, 0x00000000ab000000|  0%| F|  |TAMS 0x00000000aaf00000, 0x00000000aaf00000| Untracked 
| 688|0x00000000ab000000, 0x00000000ab000000, 0x00000000ab100000|  0%| F|  |TAMS 0x00000000ab000000, 0x00000000ab000000| Untracked 
| 689|0x00000000ab100000, 0x00000000ab100000, 0x00000000ab200000|  0%| F|  |TAMS 0x00000000ab100000, 0x00000000ab100000| Untracked 
| 690|0x00000000ab200000, 0x00000000ab200000, 0x00000000ab300000|  0%| F|  |TAMS 0x00000000ab200000, 0x00000000ab200000| Untracked 
| 691|0x00000000ab300000, 0x00000000ab300000, 0x00000000ab400000|  0%| F|  |TAMS 0x00000000ab300000, 0x00000000ab300000| Untracked 
| 692|0x00000000ab400000, 0x00000000ab400000, 0x00000000ab500000|  0%| F|  |TAMS 0x00000000ab400000, 0x00000000ab400000| Untracked 
| 693|0x00000000ab500000, 0x00000000ab500000, 0x00000000ab600000|  0%| F|  |TAMS 0x00000000ab500000, 0x00000000ab500000| Untracked 
| 694|0x00000000ab600000, 0x00000000ab600000, 0x00000000ab700000|  0%| F|  |TAMS 0x00000000ab600000, 0x00000000ab600000| Untracked 
| 695|0x00000000ab700000, 0x00000000ab700000, 0x00000000ab800000|  0%| F|  |TAMS 0x00000000ab700000, 0x00000000ab700000| Untracked 
| 696|0x00000000ab800000, 0x00000000ab800000, 0x00000000ab900000|  0%| F|  |TAMS 0x00000000ab800000, 0x00000000ab800000| Untracked 
| 697|0x00000000ab900000, 0x00000000ab900000, 0x00000000aba00000|  0%| F|  |TAMS 0x00000000ab900000, 0x00000000ab900000| Untracked 
| 698|0x00000000aba00000, 0x00000000aba00000, 0x00000000abb00000|  0%| F|  |TAMS 0x00000000aba00000, 0x00000000aba00000| Untracked 
| 699|0x00000000abb00000, 0x00000000abb00000, 0x00000000abc00000|  0%| F|  |TAMS 0x00000000abb00000, 0x00000000abb00000| Untracked 
| 700|0x00000000abc00000, 0x00000000abc00000, 0x00000000abd00000|  0%| F|  |TAMS 0x00000000abc00000, 0x00000000abc00000| Untracked 
| 701|0x00000000abd00000, 0x00000000abd00000, 0x00000000abe00000|  0%| F|  |TAMS 0x00000000abd00000, 0x00000000abd00000| Untracked 
| 702|0x00000000abe00000, 0x00000000abe00000, 0x00000000abf00000|  0%| F|  |TAMS 0x00000000abe00000, 0x00000000abe00000| Untracked 
| 703|0x00000000abf00000, 0x00000000abf00000, 0x00000000ac000000|  0%| F|  |TAMS 0x00000000abf00000, 0x00000000abf00000| Untracked 
| 704|0x00000000ac000000, 0x00000000ac000000, 0x00000000ac100000|  0%| F|  |TAMS 0x00000000ac000000, 0x00000000ac000000| Untracked 
| 705|0x00000000ac100000, 0x00000000ac100000, 0x00000000ac200000|  0%| F|  |TAMS 0x00000000ac100000, 0x00000000ac100000| Untracked 
| 706|0x00000000ac200000, 0x00000000ac200000, 0x00000000ac300000|  0%| F|  |TAMS 0x00000000ac200000, 0x00000000ac200000| Untracked 
| 707|0x00000000ac300000, 0x00000000ac300000, 0x00000000ac400000|  0%| F|  |TAMS 0x00000000ac300000, 0x00000000ac300000| Untracked 
| 708|0x00000000ac400000, 0x00000000ac400000, 0x00000000ac500000|  0%| F|  |TAMS 0x00000000ac400000, 0x00000000ac400000| Untracked 
| 709|0x00000000ac500000, 0x00000000ac500000, 0x00000000ac600000|  0%| F|  |TAMS 0x00000000ac500000, 0x00000000ac500000| Untracked 
| 710|0x00000000ac600000, 0x00000000ac600000, 0x00000000ac700000|  0%| F|  |TAMS 0x00000000ac600000, 0x00000000ac600000| Untracked 
| 711|0x00000000ac700000, 0x00000000ac700000, 0x00000000ac800000|  0%| F|  |TAMS 0x00000000ac700000, 0x00000000ac700000| Untracked 
| 712|0x00000000ac800000, 0x00000000ac800000, 0x00000000ac900000|  0%| F|  |TAMS 0x00000000ac800000, 0x00000000ac800000| Untracked 
| 713|0x00000000ac900000, 0x00000000ac900000, 0x00000000aca00000|  0%| F|  |TAMS 0x00000000ac900000, 0x00000000ac900000| Untracked 
| 714|0x00000000aca00000, 0x00000000aca00000, 0x00000000acb00000|  0%| F|  |TAMS 0x00000000aca00000, 0x00000000aca00000| Untracked 
| 715|0x00000000acb00000, 0x00000000acb00000, 0x00000000acc00000|  0%| F|  |TAMS 0x00000000acb00000, 0x00000000acb00000| Untracked 
| 716|0x00000000acc00000, 0x00000000acc00000, 0x00000000acd00000|  0%| F|  |TAMS 0x00000000acc00000, 0x00000000acc00000| Untracked 
| 717|0x00000000acd00000, 0x00000000acd00000, 0x00000000ace00000|  0%| F|  |TAMS 0x00000000acd00000, 0x00000000acd00000| Untracked 
| 718|0x00000000ace00000, 0x00000000acf00000, 0x00000000acf00000|100%| S|CS|TAMS 0x00000000ace00000, 0x00000000ace00000| Complete 
| 719|0x00000000acf00000, 0x00000000ad000000, 0x00000000ad000000|100%| S|CS|TAMS 0x00000000acf00000, 0x00000000acf00000| Complete 
| 720|0x00000000ad000000, 0x00000000ad100000, 0x00000000ad100000|100%| S|CS|TAMS 0x00000000ad000000, 0x00000000ad000000| Complete 
| 721|0x00000000ad100000, 0x00000000ad200000, 0x00000000ad200000|100%| S|CS|TAMS 0x00000000ad100000, 0x00000000ad100000| Complete 
| 722|0x00000000ad200000, 0x00000000ad300000, 0x00000000ad300000|100%| S|CS|TAMS 0x00000000ad200000, 0x00000000ad200000| Complete 
| 723|0x00000000ad300000, 0x00000000ad400000, 0x00000000ad400000|100%| S|CS|TAMS 0x00000000ad300000, 0x00000000ad300000| Complete 
| 724|0x00000000ad400000, 0x00000000ad500000, 0x00000000ad500000|100%| S|CS|TAMS 0x00000000ad400000, 0x00000000ad400000| Complete 
| 725|0x00000000ad500000, 0x00000000ad600000, 0x00000000ad600000|100%| S|CS|TAMS 0x00000000ad500000, 0x00000000ad500000| Complete 
| 726|0x00000000ad600000, 0x00000000ad700000, 0x00000000ad700000|100%| S|CS|TAMS 0x00000000ad600000, 0x00000000ad600000| Complete 
| 727|0x00000000ad700000, 0x00000000ad800000, 0x00000000ad800000|100%| S|CS|TAMS 0x00000000ad700000, 0x00000000ad700000| Complete 
| 728|0x00000000ad800000, 0x00000000ad900000, 0x00000000ad900000|100%| S|CS|TAMS 0x00000000ad800000, 0x00000000ad800000| Complete 
| 729|0x00000000ad900000, 0x00000000ada00000, 0x00000000ada00000|100%| S|CS|TAMS 0x00000000ad900000, 0x00000000ad900000| Complete 
| 730|0x00000000ada00000, 0x00000000adb00000, 0x00000000adb00000|100%| S|CS|TAMS 0x00000000ada00000, 0x00000000ada00000| Complete 
| 731|0x00000000adb00000, 0x00000000adc00000, 0x00000000adc00000|100%| S|CS|TAMS 0x00000000adb00000, 0x00000000adb00000| Complete 
| 732|0x00000000adc00000, 0x00000000add00000, 0x00000000add00000|100%| S|CS|TAMS 0x00000000adc00000, 0x00000000adc00000| Complete 
| 733|0x00000000add00000, 0x00000000ade00000, 0x00000000ade00000|100%| S|CS|TAMS 0x00000000add00000, 0x00000000add00000| Complete 
| 734|0x00000000ade00000, 0x00000000adf00000, 0x00000000adf00000|100%| S|CS|TAMS 0x00000000ade00000, 0x00000000ade00000| Complete 
| 735|0x00000000adf00000, 0x00000000ae000000, 0x00000000ae000000|100%| S|CS|TAMS 0x00000000adf00000, 0x00000000adf00000| Complete 
| 736|0x00000000ae000000, 0x00000000ae100000, 0x00000000ae100000|100%| S|CS|TAMS 0x00000000ae000000, 0x00000000ae000000| Complete 
| 737|0x00000000ae100000, 0x00000000ae200000, 0x00000000ae200000|100%| S|CS|TAMS 0x00000000ae100000, 0x00000000ae100000| Complete 
| 738|0x00000000ae200000, 0x00000000ae300000, 0x00000000ae300000|100%| S|CS|TAMS 0x00000000ae200000, 0x00000000ae200000| Complete 
| 739|0x00000000ae300000, 0x00000000ae300000, 0x00000000ae400000|  0%| F|  |TAMS 0x00000000ae300000, 0x00000000ae300000| Untracked 
| 740|0x00000000ae400000, 0x00000000ae400000, 0x00000000ae500000|  0%| F|  |TAMS 0x00000000ae400000, 0x00000000ae400000| Untracked 
| 741|0x00000000ae500000, 0x00000000ae500000, 0x00000000ae600000|  0%| F|  |TAMS 0x00000000ae500000, 0x00000000ae500000| Untracked 
| 742|0x00000000ae600000, 0x00000000ae600000, 0x00000000ae700000|  0%| F|  |TAMS 0x00000000ae600000, 0x00000000ae600000| Untracked 
| 743|0x00000000ae700000, 0x00000000ae700000, 0x00000000ae800000|  0%| F|  |TAMS 0x00000000ae700000, 0x00000000ae700000| Untracked 
| 744|0x00000000ae800000, 0x00000000ae800000, 0x00000000ae900000|  0%| F|  |TAMS 0x00000000ae800000, 0x00000000ae800000| Untracked 
| 745|0x00000000ae900000, 0x00000000ae900000, 0x00000000aea00000|  0%| F|  |TAMS 0x00000000ae900000, 0x00000000ae900000| Untracked 
| 746|0x00000000aea00000, 0x00000000aea00000, 0x00000000aeb00000|  0%| F|  |TAMS 0x00000000aea00000, 0x00000000aea00000| Untracked 
| 747|0x00000000aeb00000, 0x00000000aeb00000, 0x00000000aec00000|  0%| F|  |TAMS 0x00000000aeb00000, 0x00000000aeb00000| Untracked 
| 748|0x00000000aec00000, 0x00000000aec00000, 0x00000000aed00000|  0%| F|  |TAMS 0x00000000aec00000, 0x00000000aec00000| Untracked 
| 749|0x00000000aed00000, 0x00000000aed00000, 0x00000000aee00000|  0%| F|  |TAMS 0x00000000aed00000, 0x00000000aed00000| Untracked 
| 750|0x00000000aee00000, 0x00000000aee00000, 0x00000000aef00000|  0%| F|  |TAMS 0x00000000aee00000, 0x00000000aee00000| Untracked 
| 751|0x00000000aef00000, 0x00000000aef00000, 0x00000000af000000|  0%| F|  |TAMS 0x00000000aef00000, 0x00000000aef00000| Untracked 
| 752|0x00000000af000000, 0x00000000af000000, 0x00000000af100000|  0%| F|  |TAMS 0x00000000af000000, 0x00000000af000000| Untracked 
| 753|0x00000000af100000, 0x00000000af100000, 0x00000000af200000|  0%| F|  |TAMS 0x00000000af100000, 0x00000000af100000| Untracked 
| 754|0x00000000af200000, 0x00000000af200000, 0x00000000af300000|  0%| F|  |TAMS 0x00000000af200000, 0x00000000af200000| Untracked 
| 755|0x00000000af300000, 0x00000000af300000, 0x00000000af400000|  0%| F|  |TAMS 0x00000000af300000, 0x00000000af300000| Untracked 
| 756|0x00000000af400000, 0x00000000af400000, 0x00000000af500000|  0%| F|  |TAMS 0x00000000af400000, 0x00000000af400000| Untracked 
| 757|0x00000000af500000, 0x00000000af500000, 0x00000000af600000|  0%| F|  |TAMS 0x00000000af500000, 0x00000000af500000| Untracked 
| 758|0x00000000af600000, 0x00000000af600000, 0x00000000af700000|  0%| F|  |TAMS 0x00000000af600000, 0x00000000af600000| Untracked 
| 759|0x00000000af700000, 0x00000000af700000, 0x00000000af800000|  0%| F|  |TAMS 0x00000000af700000, 0x00000000af700000| Untracked 
| 760|0x00000000af800000, 0x00000000af800000, 0x00000000af900000|  0%| F|  |TAMS 0x00000000af800000, 0x00000000af800000| Untracked 
| 761|0x00000000af900000, 0x00000000af900000, 0x00000000afa00000|  0%| F|  |TAMS 0x00000000af900000, 0x00000000af900000| Untracked 
| 762|0x00000000afa00000, 0x00000000afa00000, 0x00000000afb00000|  0%| F|  |TAMS 0x00000000afa00000, 0x00000000afa00000| Untracked 
| 763|0x00000000afb00000, 0x00000000afb00000, 0x00000000afc00000|  0%| F|  |TAMS 0x00000000afb00000, 0x00000000afb00000| Untracked 
| 764|0x00000000afc00000, 0x00000000afc00000, 0x00000000afd00000|  0%| F|  |TAMS 0x00000000afc00000, 0x00000000afc00000| Untracked 
| 765|0x00000000afd00000, 0x00000000afd00000, 0x00000000afe00000|  0%| F|  |TAMS 0x00000000afd00000, 0x00000000afd00000| Untracked 
| 766|0x00000000afe00000, 0x00000000afe00000, 0x00000000aff00000|  0%| F|  |TAMS 0x00000000afe00000, 0x00000000afe00000| Untracked 
| 767|0x00000000aff00000, 0x00000000aff00000, 0x00000000b0000000|  0%| F|  |TAMS 0x00000000aff00000, 0x00000000aff00000| Untracked 
| 768|0x00000000b0000000, 0x00000000b0000000, 0x00000000b0100000|  0%| F|  |TAMS 0x00000000b0000000, 0x00000000b0000000| Untracked 
| 769|0x00000000b0100000, 0x00000000b0100000, 0x00000000b0200000|  0%| F|  |TAMS 0x00000000b0100000, 0x00000000b0100000| Untracked 
| 770|0x00000000b0200000, 0x00000000b0200000, 0x00000000b0300000|  0%| F|  |TAMS 0x00000000b0200000, 0x00000000b0200000| Untracked 
| 771|0x00000000b0300000, 0x00000000b0300000, 0x00000000b0400000|  0%| F|  |TAMS 0x00000000b0300000, 0x00000000b0300000| Untracked 
| 772|0x00000000b0400000, 0x00000000b0400000, 0x00000000b0500000|  0%| F|  |TAMS 0x00000000b0400000, 0x00000000b0400000| Untracked 
| 773|0x00000000b0500000, 0x00000000b0500000, 0x00000000b0600000|  0%| F|  |TAMS 0x00000000b0500000, 0x00000000b0500000| Untracked 
| 774|0x00000000b0600000, 0x00000000b0600000, 0x00000000b0700000|  0%| F|  |TAMS 0x00000000b0600000, 0x00000000b0600000| Untracked 
| 775|0x00000000b0700000, 0x00000000b0700000, 0x00000000b0800000|  0%| F|  |TAMS 0x00000000b0700000, 0x00000000b0700000| Untracked 
| 776|0x00000000b0800000, 0x00000000b0800000, 0x00000000b0900000|  0%| F|  |TAMS 0x00000000b0800000, 0x00000000b0800000| Untracked 
| 777|0x00000000b0900000, 0x00000000b0900000, 0x00000000b0a00000|  0%| F|  |TAMS 0x00000000b0900000, 0x00000000b0900000| Untracked 
| 778|0x00000000b0a00000, 0x00000000b0a00000, 0x00000000b0b00000|  0%| F|  |TAMS 0x00000000b0a00000, 0x00000000b0a00000| Untracked 
| 779|0x00000000b0b00000, 0x00000000b0b00000, 0x00000000b0c00000|  0%| F|  |TAMS 0x00000000b0b00000, 0x00000000b0b00000| Untracked 
| 780|0x00000000b0c00000, 0x00000000b0c00000, 0x00000000b0d00000|  0%| F|  |TAMS 0x00000000b0c00000, 0x00000000b0c00000| Untracked 
| 781|0x00000000b0d00000, 0x00000000b0d00000, 0x00000000b0e00000|  0%| F|  |TAMS 0x00000000b0d00000, 0x00000000b0d00000| Untracked 
| 782|0x00000000b0e00000, 0x00000000b0e00000, 0x00000000b0f00000|  0%| F|  |TAMS 0x00000000b0e00000, 0x00000000b0e00000| Untracked 
| 783|0x00000000b0f00000, 0x00000000b0f00000, 0x00000000b1000000|  0%| F|  |TAMS 0x00000000b0f00000, 0x00000000b0f00000| Untracked 
| 784|0x00000000b1000000, 0x00000000b1000000, 0x00000000b1100000|  0%| F|  |TAMS 0x00000000b1000000, 0x00000000b1000000| Untracked 
| 785|0x00000000b1100000, 0x00000000b1100000, 0x00000000b1200000|  0%| F|  |TAMS 0x00000000b1100000, 0x00000000b1100000| Untracked 
| 786|0x00000000b1200000, 0x00000000b1200000, 0x00000000b1300000|  0%| F|  |TAMS 0x00000000b1200000, 0x00000000b1200000| Untracked 
| 787|0x00000000b1300000, 0x00000000b1300000, 0x00000000b1400000|  0%| F|  |TAMS 0x00000000b1300000, 0x00000000b1300000| Untracked 
| 788|0x00000000b1400000, 0x00000000b14d55c0, 0x00000000b1500000| 83%| E|  |TAMS 0x00000000b1400000, 0x00000000b1400000| Complete 
| 789|0x00000000b1500000, 0x00000000b1600000, 0x00000000b1600000|100%| E|CS|TAMS 0x00000000b1500000, 0x00000000b1500000| Complete 
| 790|0x00000000b1600000, 0x00000000b1700000, 0x00000000b1700000|100%| E|CS|TAMS 0x00000000b1600000, 0x00000000b1600000| Complete 
| 791|0x00000000b1700000, 0x00000000b1800000, 0x00000000b1800000|100%| E|CS|TAMS 0x00000000b1700000, 0x00000000b1700000| Complete 
| 792|0x00000000b1800000, 0x00000000b1900000, 0x00000000b1900000|100%| E|  |TAMS 0x00000000b1800000, 0x00000000b1800000| Complete 
| 793|0x00000000b1900000, 0x00000000b1a00000, 0x00000000b1a00000|100%| E|CS|TAMS 0x00000000b1900000, 0x00000000b1900000| Complete 
| 794|0x00000000b1a00000, 0x00000000b1b00000, 0x00000000b1b00000|100%| E|CS|TAMS 0x00000000b1a00000, 0x00000000b1a00000| Complete 
| 795|0x00000000b1b00000, 0x00000000b1c00000, 0x00000000b1c00000|100%| E|CS|TAMS 0x00000000b1b00000, 0x00000000b1b00000| Complete 
| 796|0x00000000b1c00000, 0x00000000b1d00000, 0x00000000b1d00000|100%| E|CS|TAMS 0x00000000b1c00000, 0x00000000b1c00000| Complete 
| 797|0x00000000b1d00000, 0x00000000b1e00000, 0x00000000b1e00000|100%| E|CS|TAMS 0x00000000b1d00000, 0x00000000b1d00000| Complete 
| 798|0x00000000b1e00000, 0x00000000b1f00000, 0x00000000b1f00000|100%| E|CS|TAMS 0x00000000b1e00000, 0x00000000b1e00000| Complete 
| 799|0x00000000b1f00000, 0x00000000b2000000, 0x00000000b2000000|100%| E|CS|TAMS 0x00000000b1f00000, 0x00000000b1f00000| Complete 
| 800|0x00000000b2000000, 0x00000000b2100000, 0x00000000b2100000|100%| E|CS|TAMS 0x00000000b2000000, 0x00000000b2000000| Complete 
| 801|0x00000000b2100000, 0x00000000b2200000, 0x00000000b2200000|100%| E|CS|TAMS 0x00000000b2100000, 0x00000000b2100000| Complete 
| 802|0x00000000b2200000, 0x00000000b2300000, 0x00000000b2300000|100%| E|CS|TAMS 0x00000000b2200000, 0x00000000b2200000| Complete 
| 803|0x00000000b2300000, 0x00000000b2400000, 0x00000000b2400000|100%| E|CS|TAMS 0x00000000b2300000, 0x00000000b2300000| Complete 
| 804|0x00000000b2400000, 0x00000000b2500000, 0x00000000b2500000|100%| E|CS|TAMS 0x00000000b2400000, 0x00000000b2400000| Complete 
| 805|0x00000000b2500000, 0x00000000b2600000, 0x00000000b2600000|100%| E|CS|TAMS 0x00000000b2500000, 0x00000000b2500000| Complete 
| 806|0x00000000b2600000, 0x00000000b2700000, 0x00000000b2700000|100%| E|CS|TAMS 0x00000000b2600000, 0x00000000b2600000| Complete 
| 807|0x00000000b2700000, 0x00000000b2800000, 0x00000000b2800000|100%| E|CS|TAMS 0x00000000b2700000, 0x00000000b2700000| Complete 
| 808|0x00000000b2800000, 0x00000000b2900000, 0x00000000b2900000|100%| E|CS|TAMS 0x00000000b2800000, 0x00000000b2800000| Complete 
| 809|0x00000000b2900000, 0x00000000b2a00000, 0x00000000b2a00000|100%| E|CS|TAMS 0x00000000b2900000, 0x00000000b2900000| Complete 
| 810|0x00000000b2a00000, 0x00000000b2b00000, 0x00000000b2b00000|100%| E|CS|TAMS 0x00000000b2a00000, 0x00000000b2a00000| Complete 
| 811|0x00000000b2b00000, 0x00000000b2c00000, 0x00000000b2c00000|100%| E|CS|TAMS 0x00000000b2b00000, 0x00000000b2b00000| Complete 
| 812|0x00000000b2c00000, 0x00000000b2d00000, 0x00000000b2d00000|100%| E|CS|TAMS 0x00000000b2c00000, 0x00000000b2c00000| Complete 
| 813|0x00000000b2d00000, 0x00000000b2e00000, 0x00000000b2e00000|100%| E|CS|TAMS 0x00000000b2d00000, 0x00000000b2d00000| Complete 
| 814|0x00000000b2e00000, 0x00000000b2f00000, 0x00000000b2f00000|100%| E|CS|TAMS 0x00000000b2e00000, 0x00000000b2e00000| Complete 
| 815|0x00000000b2f00000, 0x00000000b3000000, 0x00000000b3000000|100%| E|CS|TAMS 0x00000000b2f00000, 0x00000000b2f00000| Complete 
| 816|0x00000000b3000000, 0x00000000b3100000, 0x00000000b3100000|100%| E|CS|TAMS 0x00000000b3000000, 0x00000000b3000000| Complete 
| 817|0x00000000b3100000, 0x00000000b3200000, 0x00000000b3200000|100%| E|CS|TAMS 0x00000000b3100000, 0x00000000b3100000| Complete 
| 818|0x00000000b3200000, 0x00000000b3300000, 0x00000000b3300000|100%| E|CS|TAMS 0x00000000b3200000, 0x00000000b3200000| Complete 
| 819|0x00000000b3300000, 0x00000000b3400000, 0x00000000b3400000|100%| E|CS|TAMS 0x00000000b3300000, 0x00000000b3300000| Complete 
| 820|0x00000000b3400000, 0x00000000b3500000, 0x00000000b3500000|100%| E|CS|TAMS 0x00000000b3400000, 0x00000000b3400000| Complete 
| 821|0x00000000b3500000, 0x00000000b3600000, 0x00000000b3600000|100%| E|CS|TAMS 0x00000000b3500000, 0x00000000b3500000| Complete 
| 822|0x00000000b3600000, 0x00000000b3700000, 0x00000000b3700000|100%| E|CS|TAMS 0x00000000b3600000, 0x00000000b3600000| Complete 
| 823|0x00000000b3700000, 0x00000000b3800000, 0x00000000b3800000|100%| E|CS|TAMS 0x00000000b3700000, 0x00000000b3700000| Complete 
| 824|0x00000000b3800000, 0x00000000b3900000, 0x00000000b3900000|100%| E|CS|TAMS 0x00000000b3800000, 0x00000000b3800000| Complete 
| 825|0x00000000b3900000, 0x00000000b3a00000, 0x00000000b3a00000|100%| E|CS|TAMS 0x00000000b3900000, 0x00000000b3900000| Complete 
| 826|0x00000000b3a00000, 0x00000000b3b00000, 0x00000000b3b00000|100%| E|CS|TAMS 0x00000000b3a00000, 0x00000000b3a00000| Complete 
| 827|0x00000000b3b00000, 0x00000000b3c00000, 0x00000000b3c00000|100%| E|CS|TAMS 0x00000000b3b00000, 0x00000000b3b00000| Complete 
| 828|0x00000000b3c00000, 0x00000000b3d00000, 0x00000000b3d00000|100%| E|CS|TAMS 0x00000000b3c00000, 0x00000000b3c00000| Complete 
| 829|0x00000000b3d00000, 0x00000000b3e00000, 0x00000000b3e00000|100%| E|CS|TAMS 0x00000000b3d00000, 0x00000000b3d00000| Complete 
| 830|0x00000000b3e00000, 0x00000000b3f00000, 0x00000000b3f00000|100%| E|CS|TAMS 0x00000000b3e00000, 0x00000000b3e00000| Complete 
| 831|0x00000000b3f00000, 0x00000000b4000000, 0x00000000b4000000|100%| E|CS|TAMS 0x00000000b3f00000, 0x00000000b3f00000| Complete 
| 832|0x00000000b4000000, 0x00000000b4100000, 0x00000000b4100000|100%| E|CS|TAMS 0x00000000b4000000, 0x00000000b4000000| Complete 
| 833|0x00000000b4100000, 0x00000000b4200000, 0x00000000b4200000|100%| E|CS|TAMS 0x00000000b4100000, 0x00000000b4100000| Complete 
| 834|0x00000000b4200000, 0x00000000b4300000, 0x00000000b4300000|100%| E|CS|TAMS 0x00000000b4200000, 0x00000000b4200000| Complete 
| 835|0x00000000b4300000, 0x00000000b4400000, 0x00000000b4400000|100%| E|CS|TAMS 0x00000000b4300000, 0x00000000b4300000| Complete 
| 836|0x00000000b4400000, 0x00000000b4500000, 0x00000000b4500000|100%| E|CS|TAMS 0x00000000b4400000, 0x00000000b4400000| Complete 
| 837|0x00000000b4500000, 0x00000000b4600000, 0x00000000b4600000|100%| E|CS|TAMS 0x00000000b4500000, 0x00000000b4500000| Complete 
| 838|0x00000000b4600000, 0x00000000b4700000, 0x00000000b4700000|100%| E|CS|TAMS 0x00000000b4600000, 0x00000000b4600000| Complete 
| 839|0x00000000b4700000, 0x00000000b4800000, 0x00000000b4800000|100%| E|CS|TAMS 0x00000000b4700000, 0x00000000b4700000| Complete 
| 840|0x00000000b4800000, 0x00000000b4900000, 0x00000000b4900000|100%| E|CS|TAMS 0x00000000b4800000, 0x00000000b4800000| Complete 
| 841|0x00000000b4900000, 0x00000000b4a00000, 0x00000000b4a00000|100%| E|CS|TAMS 0x00000000b4900000, 0x00000000b4900000| Complete 
| 842|0x00000000b4a00000, 0x00000000b4b00000, 0x00000000b4b00000|100%| E|CS|TAMS 0x00000000b4a00000, 0x00000000b4a00000| Complete 
| 843|0x00000000b4b00000, 0x00000000b4c00000, 0x00000000b4c00000|100%| E|CS|TAMS 0x00000000b4b00000, 0x00000000b4b00000| Complete 
| 844|0x00000000b4c00000, 0x00000000b4d00000, 0x00000000b4d00000|100%| E|CS|TAMS 0x00000000b4c00000, 0x00000000b4c00000| Complete 
| 845|0x00000000b4d00000, 0x00000000b4e00000, 0x00000000b4e00000|100%| E|CS|TAMS 0x00000000b4d00000, 0x00000000b4d00000| Complete 
| 846|0x00000000b4e00000, 0x00000000b4f00000, 0x00000000b4f00000|100%| E|CS|TAMS 0x00000000b4e00000, 0x00000000b4e00000| Complete 
| 847|0x00000000b4f00000, 0x00000000b5000000, 0x00000000b5000000|100%| E|CS|TAMS 0x00000000b4f00000, 0x00000000b4f00000| Complete 
| 848|0x00000000b5000000, 0x00000000b5100000, 0x00000000b5100000|100%| E|CS|TAMS 0x00000000b5000000, 0x00000000b5000000| Complete 
| 849|0x00000000b5100000, 0x00000000b5200000, 0x00000000b5200000|100%| E|CS|TAMS 0x00000000b5100000, 0x00000000b5100000| Complete 
| 850|0x00000000b5200000, 0x00000000b5300000, 0x00000000b5300000|100%| E|CS|TAMS 0x00000000b5200000, 0x00000000b5200000| Complete 
| 851|0x00000000b5300000, 0x00000000b5400000, 0x00000000b5400000|100%| E|CS|TAMS 0x00000000b5300000, 0x00000000b5300000| Complete 
| 852|0x00000000b5400000, 0x00000000b5500000, 0x00000000b5500000|100%| E|CS|TAMS 0x00000000b5400000, 0x00000000b5400000| Complete 
| 853|0x00000000b5500000, 0x00000000b5600000, 0x00000000b5600000|100%| E|CS|TAMS 0x00000000b5500000, 0x00000000b5500000| Complete 
| 854|0x00000000b5600000, 0x00000000b5700000, 0x00000000b5700000|100%| E|CS|TAMS 0x00000000b5600000, 0x00000000b5600000| Complete 
| 855|0x00000000b5700000, 0x00000000b5800000, 0x00000000b5800000|100%| E|CS|TAMS 0x00000000b5700000, 0x00000000b5700000| Complete 
| 856|0x00000000b5800000, 0x00000000b5900000, 0x00000000b5900000|100%| E|CS|TAMS 0x00000000b5800000, 0x00000000b5800000| Complete 
| 857|0x00000000b5900000, 0x00000000b5a00000, 0x00000000b5a00000|100%| E|CS|TAMS 0x00000000b5900000, 0x00000000b5900000| Complete 
| 858|0x00000000b5a00000, 0x00000000b5b00000, 0x00000000b5b00000|100%| E|CS|TAMS 0x00000000b5a00000, 0x00000000b5a00000| Complete 
| 859|0x00000000b5b00000, 0x00000000b5c00000, 0x00000000b5c00000|100%| E|CS|TAMS 0x00000000b5b00000, 0x00000000b5b00000| Complete 
| 860|0x00000000b5c00000, 0x00000000b5d00000, 0x00000000b5d00000|100%| E|CS|TAMS 0x00000000b5c00000, 0x00000000b5c00000| Complete 
| 861|0x00000000b5d00000, 0x00000000b5e00000, 0x00000000b5e00000|100%| E|CS|TAMS 0x00000000b5d00000, 0x00000000b5d00000| Complete 
| 862|0x00000000b5e00000, 0x00000000b5f00000, 0x00000000b5f00000|100%| E|CS|TAMS 0x00000000b5e00000, 0x00000000b5e00000| Complete 
| 863|0x00000000b5f00000, 0x00000000b6000000, 0x00000000b6000000|100%| E|CS|TAMS 0x00000000b5f00000, 0x00000000b5f00000| Complete 
| 864|0x00000000b6000000, 0x00000000b6100000, 0x00000000b6100000|100%| E|CS|TAMS 0x00000000b6000000, 0x00000000b6000000| Complete 
| 865|0x00000000b6100000, 0x00000000b6200000, 0x00000000b6200000|100%| E|CS|TAMS 0x00000000b6100000, 0x00000000b6100000| Complete 
| 866|0x00000000b6200000, 0x00000000b6300000, 0x00000000b6300000|100%| E|CS|TAMS 0x00000000b6200000, 0x00000000b6200000| Complete 
| 867|0x00000000b6300000, 0x00000000b6400000, 0x00000000b6400000|100%| E|CS|TAMS 0x00000000b6300000, 0x00000000b6300000| Complete 
| 868|0x00000000b6400000, 0x00000000b6500000, 0x00000000b6500000|100%| E|CS|TAMS 0x00000000b6400000, 0x00000000b6400000| Complete 
| 869|0x00000000b6500000, 0x00000000b6600000, 0x00000000b6600000|100%| E|CS|TAMS 0x00000000b6500000, 0x00000000b6500000| Complete 
| 870|0x00000000b6600000, 0x00000000b6700000, 0x00000000b6700000|100%| E|CS|TAMS 0x00000000b6600000, 0x00000000b6600000| Complete 
| 871|0x00000000b6700000, 0x00000000b6800000, 0x00000000b6800000|100%| E|CS|TAMS 0x00000000b6700000, 0x00000000b6700000| Complete 
| 872|0x00000000b6800000, 0x00000000b6900000, 0x00000000b6900000|100%| E|CS|TAMS 0x00000000b6800000, 0x00000000b6800000| Complete 
| 873|0x00000000b6900000, 0x00000000b6a00000, 0x00000000b6a00000|100%| E|CS|TAMS 0x00000000b6900000, 0x00000000b6900000| Complete 
|2017|0x00000000fe100000, 0x00000000fe200000, 0x00000000fe200000|100%| O|  |TAMS 0x00000000fe200000, 0x00000000fe100000| Updating 
|2018|0x00000000fe200000, 0x00000000fe300000, 0x00000000fe300000|100%| O|  |TAMS 0x00000000fe300000, 0x00000000fe200000| Untracked 
|2019|0x00000000fe300000, 0x00000000fe400000, 0x00000000fe400000|100%| O|  |TAMS 0x00000000fe400000, 0x00000000fe300000| Untracked 
|2020|0x00000000fe400000, 0x00000000fe500000, 0x00000000fe500000|100%| O|  |TAMS 0x00000000fe500000, 0x00000000fe400000| Updating 
|2021|0x00000000fe500000, 0x00000000fe600000, 0x00000000fe600000|100%| O|  |TAMS 0x00000000fe600000, 0x00000000fe500000| Untracked 
|2022|0x00000000fe600000, 0x00000000fe700000, 0x00000000fe700000|100%| O|  |TAMS 0x00000000fe700000, 0x00000000fe600000| Untracked 
|2023|0x00000000fe700000, 0x00000000fe800000, 0x00000000fe800000|100%| O|  |TAMS 0x00000000fe800000, 0x00000000fe700000| Untracked 
|2024|0x00000000fe800000, 0x00000000fe900000, 0x00000000fe900000|100%| O|  |TAMS 0x00000000fe900000, 0x00000000fe800000| Updating 
|2025|0x00000000fe900000, 0x00000000fea00000, 0x00000000fea00000|100%| O|  |TAMS 0x00000000fea00000, 0x00000000fe900000| Untracked 
|2026|0x00000000fea00000, 0x00000000feb00000, 0x00000000feb00000|100%| O|  |TAMS 0x00000000feb00000, 0x00000000fea00000| Updating 
|2027|0x00000000feb00000, 0x00000000fec00000, 0x00000000fec00000|100%| O|  |TAMS 0x00000000fec00000, 0x00000000feb00000| Updating 
|2028|0x00000000fec00000, 0x00000000fed00000, 0x00000000fed00000|100%| O|  |TAMS 0x00000000fed00000, 0x00000000fec00000| Untracked 
|2029|0x00000000fed00000, 0x00000000fee00000, 0x00000000fee00000|100%| O|  |TAMS 0x00000000fee00000, 0x00000000fed00000| Untracked 
|2030|0x00000000fee00000, 0x00000000fef00000, 0x00000000fef00000|100%| O|  |TAMS 0x00000000fef00000, 0x00000000fee00000| Untracked 
|2031|0x00000000fef00000, 0x00000000ff000000, 0x00000000ff000000|100%| O|  |TAMS 0x00000000ff000000, 0x00000000fef00000| Untracked 
|2032|0x00000000ff000000, 0x00000000ff100000, 0x00000000ff100000|100%| O|  |TAMS 0x00000000ff100000, 0x00000000ff000000| Untracked 
|2033|0x00000000ff100000, 0x00000000ff200000, 0x00000000ff200000|100%| O|  |TAMS 0x00000000ff200000, 0x00000000ff100000| Untracked 
|2034|0x00000000ff200000, 0x00000000ff300000, 0x00000000ff300000|100%| O|  |TAMS 0x00000000ff300000, 0x00000000ff200000| Untracked 
|2035|0x00000000ff300000, 0x00000000ff400000, 0x00000000ff400000|100%| O|  |TAMS 0x00000000ff400000, 0x00000000ff300000| Untracked 
|2036|0x00000000ff400000, 0x00000000ff500000, 0x00000000ff500000|100%| O|  |TAMS 0x00000000ff500000, 0x00000000ff400000| Untracked 
|2037|0x00000000ff500000, 0x00000000ff600000, 0x00000000ff600000|100%| O|  |TAMS 0x00000000ff600000, 0x00000000ff500000| Untracked 
|2038|0x00000000ff600000, 0x00000000ff700000, 0x00000000ff700000|100%| O|  |TAMS 0x00000000ff700000, 0x00000000ff600000| Updating 
|2039|0x00000000ff700000, 0x00000000ff800000, 0x00000000ff800000|100%| O|  |TAMS 0x00000000ff800000, 0x00000000ff700000| Untracked 
|2040|0x00000000ff800000, 0x00000000ff900000, 0x00000000ff900000|100%| O|  |TAMS 0x00000000ff900000, 0x00000000ff800000| Untracked 
|2041|0x00000000ff900000, 0x00000000ffa00000, 0x00000000ffa00000|100%| O|  |TAMS 0x00000000ffa00000, 0x00000000ff900000| Untracked 
|2042|0x00000000ffa00000, 0x00000000ffb00000, 0x00000000ffb00000|100%| O|  |TAMS 0x00000000ffb00000, 0x00000000ffa00000| Untracked 
|2043|0x00000000ffb00000, 0x00000000ffc00000, 0x00000000ffc00000|100%| O|  |TAMS 0x00000000ffc00000, 0x00000000ffb00000| Untracked 
|2044|0x00000000ffc00000, 0x00000000ffd00000, 0x00000000ffd00000|100%| O|  |TAMS 0x00000000ffd00000, 0x00000000ffc00000| Untracked 
|2045|0x00000000ffd00000, 0x00000000ffe00000, 0x00000000ffe00000|100%| O|  |TAMS 0x00000000ffe00000, 0x00000000ffd00000| Untracked 
|2046|0x00000000ffe00000, 0x00000000fff00000, 0x00000000fff00000|100%| O|  |TAMS 0x00000000fff00000, 0x00000000ffe00000| Untracked 
|2047|0x00000000fff00000, 0x0000000100000000, 0x0000000100000000|100%| O|  |TAMS 0x0000000100000000, 0x00000000fff00000| Updating 

Card table byte_map: [0x000001c0bb540000,0x000001c0bb940000] _byte_map_base: 0x000001c0bb140000

Marking Bits (Prev, Next): (CMBitMap*) 0x000001c0a4651200, (CMBitMap*) 0x000001c0a4651240
 Prev Bits: [0x000001c0bbd40000, 0x000001c0bdd40000)
 Next Bits: [0x000001c0bdd40000, 0x000001c0bfd40000)

Polling page: 0x000001c0a2480000

Metaspace:

Usage:
  Non-class:    137.20 MB used.
      Class:     21.12 MB used.
       Both:    158.31 MB used.

Virtual space:
  Non-class space:      192.00 MB reserved,     138.19 MB ( 72%) committed,  3 nodes.
      Class space:      416.00 MB reserved,      22.00 MB (  5%) committed,  1 nodes.
             Both:      608.00 MB reserved,     160.19 MB ( 26%) committed. 

Chunk freelists:
   Non-Class:  5.38 MB
       Class:  10.02 MB
        Both:  15.39 MB

MaxMetaspaceSize: 512.00 MB
CompressedClassSpaceSize: 416.00 MB
Initial GC threshold: 21.00 MB
Current GC threshold: 254.19 MB
CDS: on
MetaspaceReclaimPolicy: balanced
 - commit_granule_bytes: 65536.
 - commit_granule_words: 8192.
 - virtual_space_node_default_size: 8388608.
 - enlarge_chunks_in_place: 1.
 - new_chunks_are_fully_committed: 0.
 - uncommit_free_chunks: 1.
 - use_allocation_guard: 0.
 - handle_deallocations: 1.


Internal statistics:

num_allocs_failed_limit: 18.
num_arena_births: 2776.
num_arena_deaths: 10.
num_vsnodes_births: 4.
num_vsnodes_deaths: 0.
num_space_committed: 2561.
num_space_uncommitted: 0.
num_chunks_returned_to_freelist: 32.
num_chunks_taken_from_freelist: 10440.
num_chunk_merges: 15.
num_chunk_splits: 6557.
num_chunks_enlarged: 3946.
num_inconsistent_stats: 0.

CodeHeap 'non-profiled nmethods': size=120000Kb used=20700Kb max_used=24262Kb free=99300Kb
 bounds [0x000001c0b3c10000, 0x000001c0b53f0000, 0x000001c0bb140000]
CodeHeap 'profiled nmethods': size=120000Kb used=50457Kb max_used=53173Kb free=69542Kb
 bounds [0x000001c0ac140000, 0x000001c0af530000, 0x000001c0b3670000]
CodeHeap 'non-nmethods': size=5760Kb used=2538Kb max_used=2624Kb free=3221Kb
 bounds [0x000001c0b3670000, 0x000001c0b3910000, 0x000001c0b3c10000]
 total_blobs=26757 nmethods=25665 adapters=1002
 compilation: enabled
              stopped_count=0, restarted_count=0
 full_count=0

Compilation events (20 events):
Event: 210.650 Thread 0x000001c0c2209980 35047       3       java.util.concurrent.ForkJoinPool::submissionQueue (149 bytes)
Event: 210.652 Thread 0x000001c0c2209980 nmethod 35047 0x000001c0aece0510 code [0x000001c0aece0840, 0x000001c0aece1e68]
Event: 210.652 Thread 0x000001c0c2209980 35048       3       java.util.concurrent.ForkJoinPool$WorkQueue::lockedPush (87 bytes)
Event: 210.652 Thread 0x000001c0c2209980 nmethod 35048 0x000001c0af3af110 code [0x000001c0af3af2e0, 0x000001c0af3af7a8]
Event: 210.653 Thread 0x000001c0c2209980 35049       3       java.util.concurrent.ForkJoinPool::externalSubmit (63 bytes)
Event: 210.653 Thread 0x000001c0c2209980 nmethod 35049 0x000001c0ae9b4f10 code [0x000001c0ae9b5140, 0x000001c0ae9b5898]
Event: 210.653 Thread 0x000001c0c2209980 35050       3       java.util.concurrent.ForkJoinPool::awaitWork (477 bytes)
Event: 210.655 Thread 0x000001c0c2209980 nmethod 35050 0x000001c0accf4b90 code [0x000001c0accf4ea0, 0x000001c0accf6348]
Event: 210.657 Thread 0x000001c0c2209980 35051       3       java.util.concurrent.ForkJoinPool::signalWork (177 bytes)
Event: 210.658 Thread 0x000001c0c2209980 nmethod 35051 0x000001c0aef2df10 code [0x000001c0aef2e140, 0x000001c0aef2e878]
Event: 210.660 Thread 0x000001c0c2209980 35052       3       java.util.concurrent.ForkJoinPool$WorkQueue::topLevelExec (76 bytes)
Event: 210.660 Thread 0x000001c0c2209980 nmethod 35052 0x000001c0acae2990 code [0x000001c0acae2b80, 0x000001c0acae30b8]
Event: 210.704 Thread 0x000001c0c2209980 35053       3       org.jetbrains.kotlin.incremental.classpathDiff.ClassSnapshotter::snapshotJavaClass (480 bytes)
Event: 210.711 Thread 0x000001c0c2209980 nmethod 35053 0x000001c0af2c3e10 code [0x000001c0af2c4920, 0x000001c0af2cb1b8]
Event: 210.715 Thread 0x000001c0c2209980 35054       3       org.jetbrains.org.objectweb.asm.ClassVisitor::visitTypeAnnotation (41 bytes)
Event: 210.715 Thread 0x000001c0c2209980 nmethod 35054 0x000001c0aeabae90 code [0x000001c0aeabb060, 0x000001c0aeabb3b8]
Event: 210.737 Thread 0x000001c0c2209980 35055       3       org.jetbrains.kotlin.incremental.classpathDiff.JavaClassSnapshot::<init> (41 bytes)
Event: 210.738 Thread 0x000001c0c2209980 nmethod 35055 0x000001c0aeb5ac10 code [0x000001c0aeb5aec0, 0x000001c0aeb5bc38]
Event: 210.820 Thread 0x000001c0c2209980 35056       3       com.android.tools.r8.internal.Dc::a (871 bytes)
Event: 210.826 Thread 0x000001c0c2209980 nmethod 35056 0x000001c0ae69cd90 code [0x000001c0ae69d560, 0x000001c0ae6a2c38]

GC Heap History (20 events):
Event: 186.262 GC heap before
{Heap before GC invocations=143 (full 0):
 garbage-first heap   total 859136K, used 571115K [0x0000000080000000, 0x0000000100000000)
  region size 1024K, 172 young (176128K), 6 survivors (6144K)
 Metaspace       used 153508K, committed 155456K, reserved 622592K
  class space    used 20781K, committed 21696K, reserved 425984K
}
Event: 186.288 GC heap after
{Heap after GC invocations=144 (full 0):
 garbage-first heap   total 859136K, used 405100K [0x0000000080000000, 0x0000000100000000)
  region size 1024K, 9 young (9216K), 9 survivors (9216K)
 Metaspace       used 153508K, committed 155456K, reserved 622592K
  class space    used 20781K, committed 21696K, reserved 425984K
}
Event: 190.636 GC heap before
{Heap before GC invocations=145 (full 0):
 garbage-first heap   total 859136K, used 765548K [0x0000000080000000, 0x0000000100000000)
  region size 1024K, 356 young (364544K), 9 survivors (9216K)
 Metaspace       used 153896K, committed 155840K, reserved 622592K
  class space    used 20817K, committed 21760K, reserved 425984K
}
Event: 190.673 GC heap after
{Heap after GC invocations=146 (full 0):
 garbage-first heap   total 859136K, used 414707K [0x0000000080000000, 0x0000000100000000)
  region size 1024K, 16 young (16384K), 16 survivors (16384K)
 Metaspace       used 153896K, committed 155840K, reserved 622592K
  class space    used 20817K, committed 21760K, reserved 425984K
}
Event: 190.930 GC heap before
{Heap before GC invocations=146 (full 0):
 garbage-first heap   total 859136K, used 440307K [0x0000000080000000, 0x0000000100000000)
  region size 1024K, 41 young (41984K), 16 survivors (16384K)
 Metaspace       used 153899K, committed 155840K, reserved 622592K
  class space    used 20817K, committed 21760K, reserved 425984K
}
Event: 190.970 GC heap after
{Heap after GC invocations=147 (full 0):
 garbage-first heap   total 859136K, used 403682K [0x0000000080000000, 0x0000000100000000)
  region size 1024K, 2 young (2048K), 2 survivors (2048K)
 Metaspace       used 153899K, committed 155840K, reserved 622592K
  class space    used 20817K, committed 21760K, reserved 425984K
}
Event: 193.622 GC heap before
{Heap before GC invocations=147 (full 0):
 garbage-first heap   total 859136K, used 751842K [0x0000000080000000, 0x0000000100000000)
  region size 1024K, 342 young (350208K), 2 survivors (2048K)
 Metaspace       used 153909K, committed 155840K, reserved 622592K
  class space    used 20817K, committed 21760K, reserved 425984K
}
Event: 193.629 GC heap after
{Heap after GC invocations=148 (full 0):
 garbage-first heap   total 859136K, used 403322K [0x0000000080000000, 0x0000000100000000)
  region size 1024K, 2 young (2048K), 2 survivors (2048K)
 Metaspace       used 153909K, committed 155840K, reserved 622592K
  class space    used 20817K, committed 21760K, reserved 425984K
}
Event: 198.020 GC heap before
{Heap before GC invocations=148 (full 0):
 garbage-first heap   total 859136K, used 749434K [0x0000000080000000, 0x0000000100000000)
  region size 1024K, 342 young (350208K), 2 survivors (2048K)
 Metaspace       used 153970K, committed 155904K, reserved 622592K
  class space    used 20823K, committed 21760K, reserved 425984K
}
Event: 198.048 GC heap after
{Heap after GC invocations=149 (full 0):
 garbage-first heap   total 859136K, used 414917K [0x0000000080000000, 0x0000000100000000)
  region size 1024K, 13 young (13312K), 13 survivors (13312K)
 Metaspace       used 153970K, committed 155904K, reserved 622592K
  class space    used 20823K, committed 21760K, reserved 425984K
}
Event: 203.077 GC heap before
{Heap before GC invocations=150 (full 0):
 garbage-first heap   total 859136K, used 849093K [0x0000000080000000, 0x0000000100000000)
  region size 1024K, 338 young (346112K), 13 survivors (13312K)
 Metaspace       used 156847K, committed 158784K, reserved 622592K
  class space    used 21209K, committed 22144K, reserved 425984K
}
Event: 203.244 GC heap after
{Heap after GC invocations=151 (full 0):
 garbage-first heap   total 926720K, used 528301K [0x0000000080000000, 0x0000000100000000)
  region size 1024K, 43 young (44032K), 43 survivors (44032K)
 Metaspace       used 156847K, committed 158784K, reserved 622592K
  class space    used 21209K, committed 22144K, reserved 425984K
}
Event: 203.285 GC heap before
{Heap before GC invocations=151 (full 0):
 garbage-first heap   total 926720K, used 530349K [0x0000000080000000, 0x0000000100000000)
  region size 1024K, 45 young (46080K), 43 survivors (44032K)
 Metaspace       used 156899K, committed 158848K, reserved 622592K
  class space    used 21213K, committed 22144K, reserved 425984K
}
Event: 203.392 GC heap after
{Heap after GC invocations=152 (full 0):
 garbage-first heap   total 926720K, used 490181K [0x0000000080000000, 0x0000000100000000)
  region size 1024K, 2 young (2048K), 2 survivors (2048K)
 Metaspace       used 156899K, committed 158848K, reserved 622592K
  class space    used 21213K, committed 22144K, reserved 425984K
}
Event: 205.753 GC heap before
{Heap before GC invocations=152 (full 0):
 garbage-first heap   total 926720K, used 761541K [0x0000000080000000, 0x0000000100000000)
  region size 1024K, 262 young (268288K), 2 survivors (2048K)
 Metaspace       used 160313K, committed 162240K, reserved 622592K
  class space    used 21455K, committed 22400K, reserved 425984K
}
Event: 205.872 GC heap after
{Heap after GC invocations=153 (full 0):
 garbage-first heap   total 926720K, used 545989K [0x0000000080000000, 0x0000000100000000)
  region size 1024K, 33 young (33792K), 33 survivors (33792K)
 Metaspace       used 160313K, committed 162240K, reserved 622592K
  class space    used 21455K, committed 22400K, reserved 425984K
}
Event: 207.507 GC heap before
{Heap before GC invocations=153 (full 0):
 garbage-first heap   total 926720K, used 750789K [0x0000000080000000, 0x0000000100000000)
  region size 1024K, 234 young (239616K), 33 survivors (33792K)
 Metaspace       used 161719K, committed 163648K, reserved 622592K
  class space    used 21605K, committed 22528K, reserved 425984K
}
Event: 207.662 GC heap after
{Heap after GC invocations=154 (full 0):
 garbage-first heap   total 926720K, used 609477K [0x0000000080000000, 0x0000000100000000)
  region size 1024K, 30 young (30720K), 30 survivors (30720K)
 Metaspace       used 161719K, committed 163648K, reserved 622592K
  class space    used 21605K, committed 22528K, reserved 425984K
}
Event: 208.900 GC heap before
{Heap before GC invocations=154 (full 0):
 garbage-first heap   total 926720K, used 746693K [0x0000000080000000, 0x0000000100000000)
  region size 1024K, 165 young (168960K), 30 survivors (30720K)
 Metaspace       used 162053K, committed 163968K, reserved 622592K
  class space    used 21619K, committed 22528K, reserved 425984K
}
Event: 209.037 GC heap after
{Heap after GC invocations=155 (full 0):
 garbage-first heap   total 926720K, used 649925K [0x0000000080000000, 0x0000000100000000)
  region size 1024K, 21 young (21504K), 21 survivors (21504K)
 Metaspace       used 162053K, committed 163968K, reserved 622592K
  class space    used 21619K, committed 22528K, reserved 425984K
}

Dll operation events (16 events):
Event: 0.020 Loaded shared library C:\Program Files\Microsoft\jdk-17.0.15.6-hotspot\bin\java.dll
Event: 0.048 Loaded shared library C:\Program Files\Microsoft\jdk-17.0.15.6-hotspot\bin\jsvml.dll
Event: 0.141 Loaded shared library C:\Program Files\Microsoft\jdk-17.0.15.6-hotspot\bin\zip.dll
Event: 0.148 Loaded shared library C:\Program Files\Microsoft\jdk-17.0.15.6-hotspot\bin\instrument.dll
Event: 0.155 Loaded shared library C:\Program Files\Microsoft\jdk-17.0.15.6-hotspot\bin\net.dll
Event: 0.157 Loaded shared library C:\Program Files\Microsoft\jdk-17.0.15.6-hotspot\bin\nio.dll
Event: 0.160 Loaded shared library C:\Program Files\Microsoft\jdk-17.0.15.6-hotspot\bin\zip.dll
Event: 0.667 Loaded shared library C:\Program Files\Microsoft\jdk-17.0.15.6-hotspot\bin\jimage.dll
Event: 1.062 Loaded shared library C:\Program Files\Microsoft\jdk-17.0.15.6-hotspot\bin\verify.dll
Event: 1.233 Loaded shared library C:\Users\DELL\.gradle\native\1def1411415f61bf3af743bc5b6707747c0891f09f0c88961ee8f79bc544acac\windows-amd64\native-platform.dll
Event: 1.266 Loaded shared library C:\Users\DELL\.gradle\native\0.2.7\x86_64-windows-gnu\gradle-fileevents.dll
Event: 3.449 Loaded shared library C:\Program Files\Microsoft\jdk-17.0.15.6-hotspot\bin\management.dll
Event: 3.453 Loaded shared library C:\Program Files\Microsoft\jdk-17.0.15.6-hotspot\bin\management_ext.dll
Event: 3.826 Loaded shared library C:\Program Files\Microsoft\jdk-17.0.15.6-hotspot\bin\extnet.dll
Event: 4.151 Loaded shared library C:\Program Files\Microsoft\jdk-17.0.15.6-hotspot\bin\sunmscapi.dll
Event: 121.863 Loaded shared library C:\Program Files\Microsoft\jdk-17.0.15.6-hotspot\bin\rmi.dll

Deoptimization events (20 events):
Event: 208.440 Thread 0x000001c0f1325850 Uncommon trap: trap_request=0xffffffbe fr.pc=0x000001c0b4ed8d28 relative=0x0000000000005ac8
Event: 208.440 Thread 0x000001c0f1325850 Uncommon trap: reason=profile_predicate action=maybe_recompile pc=0x000001c0b4ed8d28 method=com.android.tools.r8.dex.C.a(I[Lcom/android/tools/r8/graph/y2;[Lcom/android/tools/r8/graph/z2;Z)[Lcom/android/tools/r8/graph/j1; @ 637 c2
Event: 208.440 Thread 0x000001c0f1325850 DEOPT PACKING pc=0x000001c0b4ed8d28 sp=0x0000006aa97fe990
Event: 208.440 Thread 0x000001c0f1325850 DEOPT UNPACKING pc=0x000001c0b36c69a3 sp=0x0000006aa97fe940 mode 2
Event: 208.458 Thread 0x000001c0f1325850 Uncommon trap: trap_request=0xffffffbe fr.pc=0x000001c0b4ed8d28 relative=0x0000000000005ac8
Event: 208.458 Thread 0x000001c0f1325850 Uncommon trap: reason=profile_predicate action=maybe_recompile pc=0x000001c0b4ed8d28 method=com.android.tools.r8.dex.C.a(I[Lcom/android/tools/r8/graph/y2;[Lcom/android/tools/r8/graph/z2;Z)[Lcom/android/tools/r8/graph/j1; @ 637 c2
Event: 208.458 Thread 0x000001c0f1325850 DEOPT PACKING pc=0x000001c0b4ed8d28 sp=0x0000006aa97fe990
Event: 208.458 Thread 0x000001c0f1325850 DEOPT UNPACKING pc=0x000001c0b36c69a3 sp=0x0000006aa97fe940 mode 2
Event: 208.459 Thread 0x000001c0f1325850 Uncommon trap: trap_request=0xffffffbe fr.pc=0x000001c0b4ed8d28 relative=0x0000000000005ac8
Event: 208.459 Thread 0x000001c0f1325850 Uncommon trap: reason=profile_predicate action=maybe_recompile pc=0x000001c0b4ed8d28 method=com.android.tools.r8.dex.C.a(I[Lcom/android/tools/r8/graph/y2;[Lcom/android/tools/r8/graph/z2;Z)[Lcom/android/tools/r8/graph/j1; @ 637 c2
Event: 208.459 Thread 0x000001c0f1325850 DEOPT PACKING pc=0x000001c0b4ed8d28 sp=0x0000006aa97fe990
Event: 208.459 Thread 0x000001c0f1325850 DEOPT UNPACKING pc=0x000001c0b36c69a3 sp=0x0000006aa97fe940 mode 2
Event: 208.468 Thread 0x000001c0ed4af8e0 Uncommon trap: trap_request=0xffffffbe fr.pc=0x000001c0b4ed8d28 relative=0x0000000000005ac8
Event: 208.468 Thread 0x000001c0ed4af8e0 Uncommon trap: reason=profile_predicate action=maybe_recompile pc=0x000001c0b4ed8d28 method=com.android.tools.r8.dex.C.a(I[Lcom/android/tools/r8/graph/y2;[Lcom/android/tools/r8/graph/z2;Z)[Lcom/android/tools/r8/graph/j1; @ 637 c2
Event: 208.468 Thread 0x000001c0ed4af8e0 DEOPT PACKING pc=0x000001c0b4ed8d28 sp=0x0000006aa98fecd0
Event: 208.468 Thread 0x000001c0ed4af8e0 DEOPT UNPACKING pc=0x000001c0b36c69a3 sp=0x0000006aa98fec80 mode 2
Event: 209.535 Thread 0x000001c0f1325850 Uncommon trap: trap_request=0xffffff6e fr.pc=0x000001c0b502a568 relative=0x0000000000005e08
Event: 209.535 Thread 0x000001c0f1325850 Uncommon trap: reason=loop_limit_check action=maybe_recompile pc=0x000001c0b502a568 method=com.android.tools.r8.internal.mE.get(I)I @ 15 c2
Event: 209.535 Thread 0x000001c0f1325850 DEOPT PACKING pc=0x000001c0b502a568 sp=0x0000006aa97fe980
Event: 209.535 Thread 0x000001c0f1325850 DEOPT UNPACKING pc=0x000001c0b36c69a3 sp=0x0000006aa97fe8c8 mode 2

Classes loaded (20 events):
Event: 202.116 Loading class java/util/IdentityHashMap$EntryIterator$Entry
Event: 202.116 Loading class java/util/IdentityHashMap$EntryIterator$Entry done
Event: 202.432 Loading class java/nio/channels/FileChannel$MapMode
Event: 202.433 Loading class java/nio/channels/FileChannel$MapMode done
Event: 202.433 Loading class jdk/internal/misc/ExtendedMapMode
Event: 202.433 Loading class jdk/internal/misc/ExtendedMapMode done
Event: 202.434 Loading class sun/nio/ch/FileChannelImpl$DefaultUnmapper
Event: 202.435 Loading class sun/nio/ch/FileChannelImpl$Unmapper
Event: 202.435 Loading class jdk/internal/access/foreign/UnmapperProxy
Event: 202.436 Loading class jdk/internal/access/foreign/UnmapperProxy done
Event: 202.436 Loading class sun/nio/ch/FileChannelImpl$Unmapper done
Event: 202.436 Loading class sun/nio/ch/FileChannelImpl$DefaultUnmapper done
Event: 202.436 Loading class sun/nio/ch/Util$4
Event: 202.437 Loading class sun/nio/ch/Util$4 done
Event: 204.139 Loading class java/util/concurrent/ForkJoinTask$AdaptedCallable
Event: 204.140 Loading class java/util/concurrent/ForkJoinTask$AdaptedCallable done
Event: 204.141 Loading class java/util/concurrent/ForkJoinPool$DefaultForkJoinWorkerThreadFactory$1
Event: 204.141 Loading class java/util/concurrent/ForkJoinPool$DefaultForkJoinWorkerThreadFactory$1 done
Event: 204.269 Loading class java/nio/HeapShortBuffer
Event: 204.269 Loading class java/nio/HeapShortBuffer done

Classes unloaded (5 events):
Event: 147.222 Thread 0x000001c0c21dfd30 Unloading class 0x000001c0c53f0400 'java/lang/invoke/LambdaForm$DMH+0x000001c0c53f0400'
Event: 147.222 Thread 0x000001c0c21dfd30 Unloading class 0x000001c0c53d0c00 'java/lang/invoke/LambdaForm$DMH+0x000001c0c53d0c00'
Event: 147.222 Thread 0x000001c0c21dfd30 Unloading class 0x000001c0c53d0400 'java/lang/invoke/LambdaForm$DMH+0x000001c0c53d0400'
Event: 147.222 Thread 0x000001c0c21dfd30 Unloading class 0x000001c0c5374400 'java/lang/invoke/LambdaForm$DMH+0x000001c0c5374400'
Event: 210.835 Thread 0x000001c0c21dfd30 Unloading class 0x000001c0c55c8400 'java/lang/invoke/LambdaForm$DMH+0x000001c0c55c8400'

Classes redefined (0 events):
No events

Internal exceptions (20 events):
Event: 200.998 Thread 0x000001c0ed4ad060 Exception <a 'sun/nio/fs/WindowsException'{0x00000000b225ea38}> (0x00000000b225ea38) 
thrown [s\src\hotspot\share\prims\jni.cpp, line 516]
Event: 200.999 Thread 0x000001c0ed4ad060 Exception <a 'sun/nio/fs/WindowsException'{0x00000000b225ecb8}> (0x00000000b225ecb8) 
thrown [s\src\hotspot\share\prims\jni.cpp, line 516]
Event: 200.999 Thread 0x000001c0ed4ad060 Exception <a 'sun/nio/fs/WindowsException'{0x00000000b225ee98}> (0x00000000b225ee98) 
thrown [s\src\hotspot\share\prims\jni.cpp, line 516]
Event: 201.533 Thread 0x000001c0ed4ad060 Exception <a 'sun/nio/fs/WindowsException'{0x00000000a9bf9aa8}> (0x00000000a9bf9aa8) 
thrown [s\src\hotspot\share\prims\jni.cpp, line 516]
Event: 201.534 Thread 0x000001c0ed4ad060 Exception <a 'sun/nio/fs/WindowsException'{0x00000000a9bfac30}> (0x00000000a9bfac30) 
thrown [s\src\hotspot\share\prims\jni.cpp, line 516]
Event: 201.535 Thread 0x000001c0ed4ad060 Exception <a 'sun/nio/fs/WindowsException'{0x00000000a9bfc168}> (0x00000000a9bfc168) 
thrown [s\src\hotspot\share\prims\jni.cpp, line 516]
Event: 201.539 Thread 0x000001c0ed4ad060 Exception <a 'sun/nio/fs/WindowsException'{0x00000000a9bfd358}> (0x00000000a9bfd358) 
thrown [s\src\hotspot\share\prims\jni.cpp, line 516]
Event: 201.679 Thread 0x000001c0e3a66c70 Exception <a 'sun/nio/fs/WindowsException'{0x00000000a8ac64f0}> (0x00000000a8ac64f0) 
thrown [s\src\hotspot\share\prims\jni.cpp, line 516]
Event: 201.719 Thread 0x000001c0e3a64e10 Exception <a 'sun/nio/fs/WindowsException'{0x00000000a89eae18}> (0x00000000a89eae18) 
thrown [s\src\hotspot\share\prims\jni.cpp, line 516]
Event: 201.721 Thread 0x000001c0e3a64e10 Exception <a 'sun/nio/fs/WindowsException'{0x00000000a89ee420}> (0x00000000a89ee420) 
thrown [s\src\hotspot\share\prims\jni.cpp, line 516]
Event: 202.081 Thread 0x000001c0e3a64e10 Exception <a 'sun/nio/fs/WindowsException'{0x00000000a684d2d8}> (0x00000000a684d2d8) 
thrown [s\src\hotspot\share\prims\jni.cpp, line 516]
Event: 202.082 Thread 0x000001c0e3a64e10 Exception <a 'sun/nio/fs/WindowsException'{0x00000000a68d3e78}> (0x00000000a68d3e78) 
thrown [s\src\hotspot\share\prims\jni.cpp, line 516]
Event: 202.434 Thread 0x000001c0eeea9250 Exception <a 'java/lang/NoSuchMethodError'{0x00000000a4a0b8f0}: 'java.lang.Object java.lang.invoke.Invokers$Holder.invoke_MT(java.lang.Object, java.lang.Object, java.lang.Object)'> (0x00000000a4a0b8f0) 
thrown [s\src\hotspot\share\interpreter\linkResolver.cpp, line 759]
Event: 203.590 Thread 0x000001c0e3a639d0 Exception <a 'java/lang/NoSuchMethodError'{0x00000000b50ac578}: 'int java.lang.invoke.DirectMethodHandle$Holder.invokeStaticInit(java.lang.Object, java.lang.Object, int)'> (0x00000000b50ac578) 
thrown [s\src\hotspot\share\interpreter\linkResolver.cpp, line 759]
Event: 203.949 Thread 0x000001c0e2791780 Exception <a 'java/lang/NoSuchMethodError'{0x00000000b2a7ef48}: 'int java.lang.invoke.DirectMethodHandle$Holder.invokeStatic(java.lang.Object, java.lang.Object, int, int)'> (0x00000000b2a7ef48) 
thrown [s\src\hotspot\share\interpreter\linkResolver.cpp, line 759]
Event: 204.415 Thread 0x000001c0e6d24880 Exception <a 'java/lang/NoSuchMethodError'{0x00000000afb033f0}: 'long java.lang.invoke.DirectMethodHandle$Holder.invokeStatic(java.lang.Object, java.lang.Object, java.lang.Object)'> (0x00000000afb033f0) 
thrown [s\src\hotspot\share\interpreter\linkResolver.cpp, line 759]
Event: 204.415 Thread 0x000001c0f1325850 Exception <a 'java/lang/NoSuchMethodError'{0x00000000b01123c0}: 'long java.lang.invoke.DirectMethodHandle$Holder.invokeStatic(java.lang.Object, java.lang.Object, java.lang.Object)'> (0x00000000b01123c0) 
thrown [s\src\hotspot\share\interpreter\linkResolver.cpp, line 759]
Event: 206.596 Thread 0x000001c0e2791780 Exception <a 'java/lang/NoSuchMethodError'{0x00000000b116ca78}: 'int java.lang.invoke.DirectMethodHandle$Holder.invokeStatic(java.lang.Object, java.lang.Object, java.lang.Object, int)'> (0x00000000b116ca78) 
thrown [s\src\hotspot\share\interpreter\linkResolver.cpp, line 759]
Event: 206.596 Thread 0x000001c0e3a639d0 Exception <a 'java/lang/NoSuchMethodError'{0x00000000b11c46e8}: 'int java.lang.invoke.DirectMethodHandle$Holder.invokeStatic(java.lang.Object, java.lang.Object, java.lang.Object, int)'> (0x00000000b11c46e8) 
thrown [s\src\hotspot\share\interpreter\linkResolver.cpp, line 759]
Event: 207.270 Thread 0x000001c0e3a66c70 Exception <a 'sun/nio/fs/WindowsException'{0x00000000abc9bf28}> (0x00000000abc9bf28) 
thrown [s\src\hotspot\share\prims\jni.cpp, line 516]

VM Operations (20 events):
Event: 207.662 Executing VM operation: G1CollectForAllocation done
Event: 208.030 Executing VM operation: HandshakeAllThreads
Event: 208.080 Executing VM operation: HandshakeAllThreads done
Event: 208.080 Executing VM operation: HandshakeAllThreads
Event: 208.099 Executing VM operation: HandshakeAllThreads done
Event: 208.196 Executing VM operation: HandshakeAllThreads
Event: 208.311 Executing VM operation: HandshakeAllThreads done
Event: 208.391 Executing VM operation: HandshakeAllThreads
Event: 208.482 Executing VM operation: HandshakeAllThreads done
Event: 208.482 Executing VM operation: ICBufferFull
Event: 208.496 Executing VM operation: ICBufferFull done
Event: 208.496 Executing VM operation: ICBufferFull
Event: 208.496 Executing VM operation: ICBufferFull done
Event: 208.507 Executing VM operation: ICBufferFull
Event: 208.507 Executing VM operation: ICBufferFull done
Event: 208.508 Executing VM operation: ICBufferFull
Event: 208.508 Executing VM operation: ICBufferFull done
Event: 208.895 Executing VM operation: G1CollectForAllocation
Event: 209.037 Executing VM operation: G1CollectForAllocation done
Event: 210.833 Executing VM operation: G1PauseRemark

Memory protections (0 events):
No events

Nmethod flushes (20 events):
Event: 208.554 Thread 0x000001c0c2220690 flushing  nmethod 0x000001c0af3c0a10
Event: 208.554 Thread 0x000001c0c2220690 flushing  nmethod 0x000001c0af3c1190
Event: 208.554 Thread 0x000001c0c2220690 flushing  nmethod 0x000001c0af3dfb90
Event: 208.554 Thread 0x000001c0c2220690 flushing  nmethod 0x000001c0af3e1b90
Event: 208.554 Thread 0x000001c0c2220690 flushing  nmethod 0x000001c0af3e1f10
Event: 208.554 Thread 0x000001c0c2220690 flushing  nmethod 0x000001c0af3ee990
Event: 208.554 Thread 0x000001c0c2220690 flushing  nmethod 0x000001c0af3f0210
Event: 208.555 Thread 0x000001c0c2220690 flushing  nmethod 0x000001c0af40cc10
Event: 208.555 Thread 0x000001c0c2220690 flushing  nmethod 0x000001c0af412690
Event: 208.555 Thread 0x000001c0c2220690 flushing  nmethod 0x000001c0af412a90
Event: 208.555 Thread 0x000001c0c2220690 flushing  nmethod 0x000001c0af413310
Event: 208.555 Thread 0x000001c0c2220690 flushing  nmethod 0x000001c0af41ef90
Event: 208.555 Thread 0x000001c0c2220690 flushing  nmethod 0x000001c0af427d10
Event: 208.555 Thread 0x000001c0c2220690 flushing  nmethod 0x000001c0af473d10
Event: 208.555 Thread 0x000001c0c2220690 flushing  nmethod 0x000001c0af4a6d10
Event: 208.555 Thread 0x000001c0c2220690 flushing  nmethod 0x000001c0af4a7190
Event: 208.555 Thread 0x000001c0c2220690 flushing  nmethod 0x000001c0af4a7710
Event: 208.555 Thread 0x000001c0c2220690 flushing  nmethod 0x000001c0af4a9810
Event: 208.555 Thread 0x000001c0c2220690 flushing  nmethod 0x000001c0af4aa490
Event: 208.555 Thread 0x000001c0c2220690 flushing  nmethod 0x000001c0af4b0790

Events (20 events):
Event: 125.691 Thread 0x000001c0eecf5780 Thread exited: 0x000001c0eecf5780
Event: 127.403 Thread 0x000001c0c2208080 Thread added: 0x000001c0eecf1270
Event: 127.598 Thread 0x000001c0eecf1270 Thread exited: 0x000001c0eecf1270
Event: 130.218 Thread 0x000001c0c2209980 Thread added: 0x000001c0eecefd30
Event: 137.084 Thread 0x000001c0e3a63ee0 Thread exited: 0x000001c0e3a63ee0
Event: 139.437 Thread 0x000001c0e3ded460 Thread exited: 0x000001c0e3ded460
Event: 139.437 Thread 0x000001c0c2b7adf0 Thread exited: 0x000001c0c2b7adf0
Event: 139.468 Thread 0x000001c0e301a390 Thread exited: 0x000001c0e301a390
Event: 145.429 Thread 0x000001c0e3a62590 Thread exited: 0x000001c0e3a62590
Event: 199.398 Thread 0x000001c0eeea9760 Thread added: 0x000001c0ed4ad060
Event: 200.054 Thread 0x000001c0e3a639d0 Thread added: 0x000001c0e6d28030
Event: 200.212 Thread 0x000001c0e3a639d0 Thread added: 0x000001c0e6d27610
Event: 200.212 Thread 0x000001c0e3a639d0 Thread added: 0x000001c0e6d27b20
Event: 200.213 Thread 0x000001c0e3a639d0 Thread added: 0x000001c0e6d266e0
Event: 201.439 Thread 0x000001c0eeeae350 Thread exited: 0x000001c0eeeae350
Event: 204.142 Thread 0x000001c0eeeab0b0 Thread added: 0x000001c0e6d24880
Event: 204.248 Thread 0x000001c0e6d24880 Thread added: 0x000001c0f1325850
Event: 204.317 Thread 0x000001c0f1325850 Thread added: 0x000001c0ed4af8e0
Event: 204.389 Thread 0x000001c0ed4af8e0 Thread added: 0x000001c0e6d24d90
Event: 205.556 Thread 0x000001c0e3a65d40 Thread exited: 0x000001c0e3a65d40


Dynamic libraries:
0x00007ff6698f0000 - 0x00007ff6698fe000 	C:\Program Files\Microsoft\jdk-17.0.15.6-hotspot\bin\java.exe
0x00007ffcabd70000 - 0x00007ffcabf68000 	C:\Windows\SYSTEM32\ntdll.dll
0x00007ffca9df0000 - 0x00007ffca9eb2000 	C:\Windows\System32\KERNEL32.DLL
0x00007ffca96e0000 - 0x00007ffca99d6000 	C:\Windows\System32\KERNELBASE.dll
0x00007ffca95e0000 - 0x00007ffca96e0000 	C:\Windows\System32\ucrtbase.dll
0x00007ffca3ea0000 - 0x00007ffca3ebd000 	C:\Program Files\Microsoft\jdk-17.0.15.6-hotspot\bin\VCRUNTIME140.dll
0x00007ffca3de0000 - 0x00007ffca3df7000 	C:\Program Files\Microsoft\jdk-17.0.15.6-hotspot\bin\jli.dll
0x00007ffcab3f0000 - 0x00007ffcab58d000 	C:\Windows\System32\USER32.dll
0x00007ffca9d60000 - 0x00007ffca9d82000 	C:\Windows\System32\win32u.dll
0x00007ffc982e0000 - 0x00007ffc9857a000 	C:\Windows\WinSxS\amd64_microsoft.windows.common-controls_6595b64144ccf1df_6.0.19041.5915_none_60b4b9d171f9c7c7\COMCTL32.dll
0x00007ffcaa760000 - 0x00007ffcaa7fe000 	C:\Windows\System32\msvcrt.dll
0x00007ffcab590000 - 0x00007ffcab5bb000 	C:\Windows\System32\GDI32.dll
0x00007ffca99e0000 - 0x00007ffca9af9000 	C:\Windows\System32\gdi32full.dll
0x00007ffca9540000 - 0x00007ffca95dd000 	C:\Windows\System32\msvcp_win.dll
0x00007ffcab3c0000 - 0x00007ffcab3ef000 	C:\Windows\System32\IMM32.DLL
0x00007ffca3dd0000 - 0x00007ffca3ddc000 	C:\Program Files\Microsoft\jdk-17.0.15.6-hotspot\bin\vcruntime140_1.dll
0x00007ffc89d30000 - 0x00007ffc89dbd000 	C:\Program Files\Microsoft\jdk-17.0.15.6-hotspot\bin\msvcp140.dll
0x00007ffc69c00000 - 0x00007ffc6a872000 	C:\Program Files\Microsoft\jdk-17.0.15.6-hotspot\bin\server\jvm.dll
0x00007ffcabc70000 - 0x00007ffcabd21000 	C:\Windows\System32\ADVAPI32.dll
0x00007ffcabab0000 - 0x00007ffcabb4f000 	C:\Windows\System32\sechost.dll
0x00007ffcaa4f0000 - 0x00007ffcaa613000 	C:\Windows\System32\RPCRT4.dll
0x00007ffca9490000 - 0x00007ffca94b7000 	C:\Windows\System32\bcrypt.dll
0x00007ffcaaf80000 - 0x00007ffcaafeb000 	C:\Windows\System32\WS2_32.dll
0x00007ffca8950000 - 0x00007ffca899b000 	C:\Windows\SYSTEM32\POWRPROF.dll
0x00007ffc98160000 - 0x00007ffc98187000 	C:\Windows\SYSTEM32\WINMM.dll
0x00007ffca20c0000 - 0x00007ffca20ca000 	C:\Windows\SYSTEM32\VERSION.dll
0x00007ffca87c0000 - 0x00007ffca87d2000 	C:\Windows\SYSTEM32\UMPDC.dll
0x00007ffca7bd0000 - 0x00007ffca7be2000 	C:\Windows\SYSTEM32\kernel.appcore.dll
0x00007ffca3290000 - 0x00007ffca329a000 	C:\Program Files\Microsoft\jdk-17.0.15.6-hotspot\bin\jimage.dll
0x00007ffca7100000 - 0x00007ffca7301000 	C:\Windows\SYSTEM32\DBGHELP.DLL
0x00007ffc8fe60000 - 0x00007ffc8fe94000 	C:\Windows\SYSTEM32\dbgcore.DLL
0x00007ffca9400000 - 0x00007ffca9482000 	C:\Windows\System32\bcryptPrimitives.dll
0x00007ffc976c0000 - 0x00007ffc976ce000 	C:\Program Files\Microsoft\jdk-17.0.15.6-hotspot\bin\instrument.dll
0x00007ffc98190000 - 0x00007ffc981b5000 	C:\Program Files\Microsoft\jdk-17.0.15.6-hotspot\bin\java.dll
0x00007ffc84c00000 - 0x00007ffc84cd6000 	C:\Program Files\Microsoft\jdk-17.0.15.6-hotspot\bin\jsvml.dll
0x00007ffcaa810000 - 0x00007ffcaaf7e000 	C:\Windows\System32\SHELL32.dll
0x00007ffca7310000 - 0x00007ffca7ab4000 	C:\Windows\SYSTEM32\windows.storage.dll
0x00007ffcab5c0000 - 0x00007ffcab913000 	C:\Windows\System32\combase.dll
0x00007ffca8d50000 - 0x00007ffca8d7b000 	C:\Windows\SYSTEM32\Wldp.dll
0x00007ffcab280000 - 0x00007ffcab34d000 	C:\Windows\System32\OLEAUT32.dll
0x00007ffcaba00000 - 0x00007ffcabaad000 	C:\Windows\System32\SHCORE.dll
0x00007ffcab220000 - 0x00007ffcab27b000 	C:\Windows\System32\shlwapi.dll
0x00007ffca9330000 - 0x00007ffca9355000 	C:\Windows\SYSTEM32\profapi.dll
0x00007ffc9e660000 - 0x00007ffc9e678000 	C:\Program Files\Microsoft\jdk-17.0.15.6-hotspot\bin\zip.dll
0x00007ffca29c0000 - 0x00007ffca29da000 	C:\Program Files\Microsoft\jdk-17.0.15.6-hotspot\bin\net.dll
0x00007ffc9cdb0000 - 0x00007ffc9ceba000 	C:\Windows\SYSTEM32\WINHTTP.dll
0x00007ffca8b30000 - 0x00007ffca8b9a000 	C:\Windows\system32\mswsock.dll
0x00007ffca2200000 - 0x00007ffca2216000 	C:\Program Files\Microsoft\jdk-17.0.15.6-hotspot\bin\nio.dll
0x00007ffca3280000 - 0x00007ffca3290000 	C:\Program Files\Microsoft\jdk-17.0.15.6-hotspot\bin\verify.dll
0x00007ffc8deb0000 - 0x00007ffc8ded7000 	C:\Users\DELL\.gradle\native\1def1411415f61bf3af743bc5b6707747c0891f09f0c88961ee8f79bc544acac\windows-amd64\native-platform.dll
0x00007ffc84850000 - 0x00007ffc848c8000 	C:\Users\DELL\.gradle\native\0.2.7\x86_64-windows-gnu\gradle-fileevents.dll
0x00007ffca21b0000 - 0x00007ffca21ba000 	C:\Program Files\Microsoft\jdk-17.0.15.6-hotspot\bin\management.dll
0x00007ffc9e9a0000 - 0x00007ffc9e9ab000 	C:\Program Files\Microsoft\jdk-17.0.15.6-hotspot\bin\management_ext.dll
0x00007ffcab3b0000 - 0x00007ffcab3b8000 	C:\Windows\System32\PSAPI.DLL
0x00007ffca87e0000 - 0x00007ffca881b000 	C:\Windows\SYSTEM32\IPHLPAPI.DLL
0x00007ffcaa800000 - 0x00007ffcaa808000 	C:\Windows\System32\NSI.dll
0x00007ffc9f7a0000 - 0x00007ffc9f7b7000 	C:\Windows\SYSTEM32\dhcpcsvc6.DLL
0x00007ffca1020000 - 0x00007ffca103d000 	C:\Windows\SYSTEM32\dhcpcsvc.DLL
0x00007ffca8830000 - 0x00007ffca88fa000 	C:\Windows\SYSTEM32\DNSAPI.dll
0x00007ffc97a60000 - 0x00007ffc97a69000 	C:\Program Files\Microsoft\jdk-17.0.15.6-hotspot\bin\extnet.dll
0x00007ffca8d90000 - 0x00007ffca8da8000 	C:\Windows\SYSTEM32\CRYPTSP.dll
0x00007ffca8400000 - 0x00007ffca8438000 	C:\Windows\system32\rsaenh.dll
0x00007ffca92f0000 - 0x00007ffca931e000 	C:\Windows\SYSTEM32\USERENV.dll
0x00007ffca8cc0000 - 0x00007ffca8ccc000 	C:\Windows\SYSTEM32\CRYPTBASE.dll
0x00007ffc972e0000 - 0x00007ffc972ee000 	C:\Program Files\Microsoft\jdk-17.0.15.6-hotspot\bin\sunmscapi.dll
0x00007ffca9bb0000 - 0x00007ffca9d0d000 	C:\Windows\System32\CRYPT32.dll
0x00007ffca8ea0000 - 0x00007ffca8ec7000 	C:\Windows\SYSTEM32\ncrypt.dll
0x00007ffca8e60000 - 0x00007ffca8e9b000 	C:\Windows\SYSTEM32\NTASN1.dll
0x00007ffc47c10000 - 0x00007ffc47c17000 	C:\Windows\system32\wshunix.dll
0x00007ffca8650000 - 0x00007ffca8683000 	C:\Windows\SYSTEM32\ntmarta.dll
0x00007ffc96e80000 - 0x00007ffc96e87000 	C:\Program Files\Microsoft\jdk-17.0.15.6-hotspot\bin\rmi.dll

dbghelp: loaded successfully - version: 4.0.5 - missing functions: none
symbol engine: initialized successfully - sym options: 0x614 - pdb path: .;C:\Program Files\Microsoft\jdk-17.0.15.6-hotspot\bin;C:\Windows\SYSTEM32;C:\Windows\WinSxS\amd64_microsoft.windows.common-controls_6595b64144ccf1df_6.0.19041.5915_none_60b4b9d171f9c7c7;C:\Program Files\Microsoft\jdk-17.0.15.6-hotspot\bin\server;C:\Users\DELL\.gradle\native\1def1411415f61bf3af743bc5b6707747c0891f09f0c88961ee8f79bc544acac\windows-amd64;C:\Users\DELL\.gradle\native\0.2.7\x86_64-windows-gnu

VM Arguments:
jvm_args: --add-opens=java.base/java.lang=ALL-UNNAMED --add-opens=java.base/java.lang.invoke=ALL-UNNAMED --add-opens=java.base/java.util=ALL-UNNAMED --add-opens=java.prefs/java.util.prefs=ALL-UNNAMED --add-exports=jdk.compiler/com.sun.tools.javac.api=ALL-UNNAMED --add-exports=jdk.compiler/com.sun.tools.javac.util=ALL-UNNAMED --add-opens=java.base/java.util=ALL-UNNAMED --add-opens=java.prefs/java.util.prefs=ALL-UNNAMED --add-opens=java.base/java.nio.charset=ALL-UNNAMED --add-opens=java.base/java.net=ALL-UNNAMED --add-opens=java.base/java.util.concurrent.atomic=ALL-UNNAMED --add-opens=java.xml/javax.xml.namespace=ALL-UNNAMED -XX:MaxMetaspaceSize=512m -Xmx2048m -Dfile.encoding=windows-1252 -Duser.country=US -Duser.language=en -Duser.variant -javaagent:C:\Users\DELL\.gradle\wrapper\dists\gradle-8.14.1-bin\baw1sv0jfoi8rxs14qo3h49cs\gradle-8.14.1\lib\agents\gradle-instrumentation-agent-8.14.1.jar 
java_command: org.gradle.launcher.daemon.bootstrap.GradleDaemon 8.14.1
java_class_path (initial): C:\Users\DELL\.gradle\wrapper\dists\gradle-8.14.1-bin\baw1sv0jfoi8rxs14qo3h49cs\gradle-8.14.1\lib\gradle-daemon-main-8.14.1.jar
Launcher Type: SUN_STANDARD

[Global flags]
     intx CICompilerCount                          = 3                                         {product} {ergonomic}
   size_t CompressedClassSpaceSize                 = 436207616                                 {product} {ergonomic}
     uint ConcGCThreads                            = 1                                         {product} {ergonomic}
     uint G1ConcRefinementThreads                  = 4                                         {product} {ergonomic}
   size_t G1HeapRegionSize                         = 1048576                                   {product} {ergonomic}
    uintx GCDrainStackTargetSize                   = 64                                        {product} {ergonomic}
   size_t InitialHeapSize                          = 134217728                                 {product} {ergonomic}
   size_t MarkStackSize                            = 4194304                                   {product} {ergonomic}
   size_t MaxHeapSize                              = 2147483648                                {product} {command line}
   size_t MaxMetaspaceSize                         = 536870912                                 {product} {command line}
   size_t MaxNewSize                               = 1287651328                                {product} {ergonomic}
   size_t MinHeapDeltaBytes                        = 1048576                                   {product} {ergonomic}
   size_t MinHeapSize                              = 8388608                                   {product} {ergonomic}
    uintx NonNMethodCodeHeapSize                   = 5832780                                {pd product} {ergonomic}
    uintx NonProfiledCodeHeapSize                  = 122912730                              {pd product} {ergonomic}
    uintx ProfiledCodeHeapSize                     = 122912730                              {pd product} {ergonomic}
    uintx ReservedCodeCacheSize                    = 251658240                              {pd product} {ergonomic}
     bool SegmentedCodeCache                       = true                                      {product} {ergonomic}
   size_t SoftMaxHeapSize                          = 2147483648                             {manageable} {ergonomic}
     bool UseCompressedClassPointers               = true                           {product lp64_product} {ergonomic}
     bool UseCompressedOops                        = true                           {product lp64_product} {ergonomic}
     bool UseG1GC                                  = true                                      {product} {ergonomic}
     bool UseLargePagesIndividualAllocation        = false                                  {pd product} {ergonomic}

Logging:
Log output configuration:
 #0: stdout all=warning uptime,level,tags
 #1: stderr all=off uptime,level,tags

Environment Variables:
JAVA_HOME=C:\Program Files\Microsoft\jdk-17.0.15.6-hotspot\
PATH=D:\VoltX\node_modules\.bin;D:\node_modules\.bin;C:\Users\DELL\AppData\Roaming\npm\node_modules\npm\node_modules\@npmcli\run-script\lib\node-gyp-bin;C:\Program Files\Common Files\Oracle\Java\javapath;C:\Python312\Scripts\;C:\Python312\;C:\Windows\system32;C:\Windows;C:\Windows\System32\Wbem;C:\Windows\System32\WindowsPowerShell\v1.0\;C:\Windows\System32\OpenSSH\;C:\ProgramData\chocolatey\bin;C:\Program Files\Git\cmd;C:\Program Files\GitHub CLI\;C:\Users\DELL\Downloads\sonar-scanner-cli-7.1.0.4889-windows-x64\sonar-scanner-7.1.0.4889-windows-x64\bin;C:\ProgramData\nvm;C:\nvm4w\nodejs;C:\ProgramData\nvm;C:\ProgramData\nvm\nodejs;D:\Android\Sdk\platform-tools;D:\Android\Sdk\emulator;D:\Android\Sdk\tools;D:\Android\Sdk\tools\bin;D:\Android\Sdk\cmdline-tools\latest\bin;C:\Users\DELL\AppData\Local\Microsoft\WindowsApps;C:\Users\DELL\AppData\Roaming\npm;C:\Users\DELL\AppData\Local\Programs\Microsoft VS Code\bin;C:\Users\DELL\Downloads\sonar-scanner-cli-7.1.0.4889-windows-x64.zip\sonar-scanner-7.1.0.4889-windows-x64\bin;C:\ProgramData\nvm;C:\nvm4w\nodejs
USERNAME=DELL
LANG=en_US.UTF-8
OS=Windows_NT
PROCESSOR_IDENTIFIER=Intel64 Family 6 Model 61 Stepping 4, GenuineIntel
TMP=C:\Users\DELL\AppData\Local\Temp
TEMP=C:\Users\DELL\AppData\Local\Temp



Periodic native trim disabled


---------------  S Y S T E M  ---------------

OS:
 Windows 10 , 64 bit Build 19041 (10.0.19041.5915)
OS uptime: 0 days 16:51 hours
Hyper-V role detected

CPU: total 4 (initial active 4) (2 cores per cpu, 2 threads per core) family 6 model 61 stepping 4 microcode 0x2d, cx8, cmov, fxsr, ht, mmx, 3dnowpref, sse, sse2, sse3, ssse3, sse4.1, sse4.2, popcnt, lzcnt, tsc, tscinvbit, avx, avx2, aes, erms, clmul, bmi1, bmi2, rtm, adx, fma, vzeroupper, clflush, hv
Processor Information for the first 4 processors :
  Max Mhz: 2295, Current Mhz: 2295, Mhz Limit: 2295

Memory: 4k page, system-wide physical 8080M (525M free)
TotalPageFile size 17128M (AvailPageFile size 18M)
current process WorkingSet (physical memory assigned to process): 1431M, peak: 1437M
current process commit charge ("private bytes"): 1759M, peak: 1766M

vm_info: OpenJDK 64-Bit Server VM (17.0.15+6-LTS) for windows-amd64 JRE (17.0.15+6-LTS), built on Apr  9 2025 22:27:25 by "MicrosoftCorporation" with unknown MS VC++:1939

END.
